Ligand,Binding Affinity,rmsd/ub, rmsd/lb
2az5_cleaned_(2E,6E)-2,6-Octadienal_opt-1_uff_E=26.68,-4.1,0.0,0.0
2az5_cleaned_(2E,6E)-2,6-Octadienal_opt-1_uff_E=26.68,-3.7,6.163,4.345
2az5_cleaned_(2E,6E)-2,6-Octadienal_opt-1_uff_E=26.68,-3.7,13.292,12.118
2az5_cleaned_(2E,6E)-2,6-Octadienal_opt-1_uff_E=26.68,-3.6,11.757,10.011
2az5_cleaned_(2E,6E)-2,6-Octadienal_opt-1_uff_E=26.68,-3.5,11.72,10.302
2az5_cleaned_(2E,6E)-2,6-Octadienal_opt-1_uff_E=26.68,-3.5,13.921,12.425
2az5_cleaned_(2E,6E)-2,6-Octadienal_opt-1_uff_E=26.68,-3.5,7.173,5.447
2az5_cleaned_(2E,6E)-2,6-Octadienal_opt-1_uff_E=26.68,-3.3,13.616,12.126
2az5_cleaned_(2E,6E)-2,6-Octadienal_opt-1_uff_E=26.68,-3.3,12.848,12.541
2az5_cleaned_(2E,6E)-2,6-Octadienal_opt-2_uff_E=26.68,-3.6,0.0,0.0
2az5_cleaned_(2E,6E)-2,6-Octadienal_opt-2_uff_E=26.68,-3.5,15.931,15.015
2az5_cleaned_(2E,6E)-2,6-Octadienal_opt-2_uff_E=26.68,-3.5,15.086,13.974
2az5_cleaned_(2E,6E)-2,6-Octadienal_opt-2_uff_E=26.68,-3.4,15.755,14.347
2az5_cleaned_(2E,6E)-2,6-Octadienal_opt-2_uff_E=26.68,-3.4,17.581,16.729
2az5_cleaned_(2E,6E)-2,6-Octadienal_opt-2_uff_E=26.68,-3.3,2.14,1.824
2az5_cleaned_(2E,6E)-2,6-Octadienal_opt-2_uff_E=26.68,-3.2,11.92,11.243
2az5_cleaned_(2E,6E)-2,6-Octadienal_opt-2_uff_E=26.68,-3.2,15.438,14.536
2az5_cleaned_(2E,6E)-2,6-Octadienal_opt-2_uff_E=26.68,-3.2,29.709,28.508
2az5_cleaned_(2E,6E)-2,6-Octadienal_opt-3_uff_E=26.68,-3.7,0.0,0.0
2az5_cleaned_(2E,6E)-2,6-Octadienal_opt-3_uff_E=26.68,-3.7,2.994,2.273
2az5_cleaned_(2E,6E)-2,6-Octadienal_opt-3_uff_E=26.68,-3.6,3.061,2.426
2az5_cleaned_(2E,6E)-2,6-Octadienal_opt-3_uff_E=26.68,-3.5,12.066,10.986
2az5_cleaned_(2E,6E)-2,6-Octadienal_opt-3_uff_E=26.68,-3.4,17.735,17.293
2az5_cleaned_(2E,6E)-2,6-Octadienal_opt-3_uff_E=26.68,-3.4,13.771,12.847
2az5_cleaned_(2E,6E)-2,6-Octadienal_opt-3_uff_E=26.68,-3.4,12.708,11.976
2az5_cleaned_(2E,6E)-2,6-Octadienal_opt-3_uff_E=26.68,-3.3,4.942,2.687
2az5_cleaned_(2E,6E)-2,6-Octadienal_opt-3_uff_E=26.68,-3.3,12.921,12.259
2az5_cleaned_(2E,6E)-2,6-Octadienal_opt-4_uff_E=26.68,-3.5,0.0,0.0
2az5_cleaned_(2E,6E)-2,6-Octadienal_opt-4_uff_E=26.68,-3.5,15.649,14.299
2az5_cleaned_(2E,6E)-2,6-Octadienal_opt-4_uff_E=26.68,-3.4,5.343,2.917
2az5_cleaned_(2E,6E)-2,6-Octadienal_opt-4_uff_E=26.68,-3.4,15.726,14.654
2az5_cleaned_(2E,6E)-2,6-Octadienal_opt-4_uff_E=26.68,-3.4,15.996,14.266
2az5_cleaned_(2E,6E)-2,6-Octadienal_opt-4_uff_E=26.68,-3.4,15.573,13.843
2az5_cleaned_(2E,6E)-2,6-Octadienal_opt-4_uff_E=26.68,-3.3,16.077,14.516
2az5_cleaned_(2E,6E)-2,6-Octadienal_opt-4_uff_E=26.68,-3.3,23.072,22.109
2az5_cleaned_(2E,6E)-2,6-Octadienal_opt-4_uff_E=26.68,-3.2,12.802,10.873
2az5_cleaned_1,8-Cineol_opt-1_uff_E=344.69,-4.3,0.0,0.0
2az5_cleaned_1,8-Cineol_opt-1_uff_E=344.69,-4.2,21.348,19.885
2az5_cleaned_1,8-Cineol_opt-1_uff_E=344.69,-4.1,21.373,19.729
2az5_cleaned_1,8-Cineol_opt-1_uff_E=344.69,-4.1,2.388,1.274
2az5_cleaned_1,8-Cineol_opt-1_uff_E=344.69,-4.1,3.188,0.957
2az5_cleaned_1,8-Cineol_opt-1_uff_E=344.69,-4.0,2.719,1.21
2az5_cleaned_1,8-Cineol_opt-1_uff_E=344.69,-4.0,2.197,1.35
2az5_cleaned_1,8-Cineol_opt-1_uff_E=344.69,-4.0,16.881,15.26
2az5_cleaned_1,8-Cineol_opt-1_uff_E=344.69,-4.0,14.765,13.196
2az5_cleaned_1,8-Cineol_opt-2_uff_E=344.69,-4.3,0.0,0.0
2az5_cleaned_1,8-Cineol_opt-2_uff_E=344.69,-4.2,21.338,19.875
2az5_cleaned_1,8-Cineol_opt-2_uff_E=344.69,-4.1,21.27,19.626
2az5_cleaned_1,8-Cineol_opt-2_uff_E=344.69,-4.1,2.387,1.272
2az5_cleaned_1,8-Cineol_opt-2_uff_E=344.69,-4.1,3.189,0.954
2az5_cleaned_1,8-Cineol_opt-2_uff_E=344.69,-4.0,21.082,19.667
2az5_cleaned_1,8-Cineol_opt-2_uff_E=344.69,-4.0,2.719,1.211
2az5_cleaned_1,8-Cineol_opt-2_uff_E=344.69,-4.0,16.8,15.137
2az5_cleaned_1,8-Cineol_opt-2_uff_E=344.69,-4.0,16.474,14.844
2az5_cleaned_1,8-Cineol_opt-3_uff_E=344.69,-4.3,0.0,0.0
2az5_cleaned_1,8-Cineol_opt-3_uff_E=344.69,-4.2,21.352,19.871
2az5_cleaned_1,8-Cineol_opt-3_uff_E=344.69,-4.1,21.278,19.62
2az5_cleaned_1,8-Cineol_opt-3_uff_E=344.69,-4.1,2.397,1.289
2az5_cleaned_1,8-Cineol_opt-3_uff_E=344.69,-4.1,3.191,0.95
2az5_cleaned_1,8-Cineol_opt-3_uff_E=344.69,-4.0,2.707,1.218
2az5_cleaned_1,8-Cineol_opt-3_uff_E=344.69,-4.0,2.192,1.364
2az5_cleaned_1,8-Cineol_opt-3_uff_E=344.69,-4.0,16.724,15.059
2az5_cleaned_1,8-Cineol_opt-3_uff_E=344.69,-3.9,16.481,14.913
2az5_cleaned_1,8-Cineol_opt-4_uff_E=344.69,-4.3,0.0,0.0
2az5_cleaned_1,8-Cineol_opt-4_uff_E=344.69,-4.2,21.346,19.886
2az5_cleaned_1,8-Cineol_opt-4_uff_E=344.69,-4.1,21.365,19.725
2az5_cleaned_1,8-Cineol_opt-4_uff_E=344.69,-4.1,2.386,1.272
2az5_cleaned_1,8-Cineol_opt-4_uff_E=344.69,-4.0,16.601,15.002
2az5_cleaned_1,8-Cineol_opt-4_uff_E=344.69,-4.0,2.731,1.204
2az5_cleaned_1,8-Cineol_opt-4_uff_E=344.69,-4.0,14.763,13.196
2az5_cleaned_1,8-Cineol_opt-4_uff_E=344.69,-3.9,16.565,14.922
2az5_cleaned_1,8-Cineol_opt-4_uff_E=344.69,-3.9,16.488,14.923
2az5_cleaned_3-metoxyl-5-methylphenol_opt-1_uff_E=95.19,-5.9,0.0,0.0
2az5_cleaned_3-metoxyl-5-methylphenol_opt-1_uff_E=95.19,-5.4,2.725,1.726
2az5_cleaned_3-metoxyl-5-methylphenol_opt-1_uff_E=95.19,-5.0,2.181,1.461
2az5_cleaned_3-metoxyl-5-methylphenol_opt-1_uff_E=95.19,-4.9,3.011,1.531
2az5_cleaned_3-metoxyl-5-methylphenol_opt-1_uff_E=95.19,-4.4,10.424,10.0
2az5_cleaned_3-metoxyl-5-methylphenol_opt-1_uff_E=95.19,-4.4,8.297,6.619
2az5_cleaned_3-metoxyl-5-methylphenol_opt-1_uff_E=95.19,-4.4,12.42,11.392
2az5_cleaned_3-metoxyl-5-methylphenol_opt-1_uff_E=95.19,-4.3,10.661,10.159
2az5_cleaned_3-metoxyl-5-methylphenol_opt-1_uff_E=95.19,-4.3,10.439,10.198
2az5_cleaned_3-metoxyl-5-methylphenol_opt-2_uff_E=95.19,-6.1,0.0,0.0
2az5_cleaned_3-metoxyl-5-methylphenol_opt-2_uff_E=95.19,-5.7,11.534,9.67
2az5_cleaned_3-metoxyl-5-methylphenol_opt-2_uff_E=95.19,-5.6,10.872,9.052
2az5_cleaned_3-metoxyl-5-methylphenol_opt-2_uff_E=95.19,-4.4,18.83,17.569
2az5_cleaned_3-metoxyl-5-methylphenol_opt-2_uff_E=95.19,-4.3,12.463,10.15
2az5_cleaned_3-metoxyl-5-methylphenol_opt-2_uff_E=95.19,-4.3,19.2,18.762
2az5_cleaned_3-metoxyl-5-methylphenol_opt-2_uff_E=95.19,-4.2,11.396,10.773
2az5_cleaned_3-metoxyl-5-methylphenol_opt-2_uff_E=95.19,-4.1,12.068,10.297
2az5_cleaned_3-metoxyl-5-methylphenol_opt-2_uff_E=95.19,-4.1,18.862,18.417
2az5_cleaned_3-metoxyl-5-methylphenol_opt-3_uff_E=95.19,-5.7,0.0,0.0
2az5_cleaned_3-metoxyl-5-methylphenol_opt-3_uff_E=95.19,-5.0,2.406,1.301
2az5_cleaned_3-metoxyl-5-methylphenol_opt-3_uff_E=95.19,-4.4,11.083,10.474
2az5_cleaned_3-metoxyl-5-methylphenol_opt-3_uff_E=95.19,-4.3,10.45,10.232
2az5_cleaned_3-metoxyl-5-methylphenol_opt-3_uff_E=95.19,-4.3,10.573,10.152
2az5_cleaned_3-metoxyl-5-methylphenol_opt-3_uff_E=95.19,-4.2,12.613,11.063
2az5_cleaned_3-metoxyl-5-methylphenol_opt-3_uff_E=95.19,-4.2,12.353,10.675
2az5_cleaned_3-metoxyl-5-methylphenol_opt-3_uff_E=95.19,-4.2,10.57,10.251
2az5_cleaned_3-metoxyl-5-methylphenol_opt-3_uff_E=95.19,-4.2,11.471,10.485
2az5_cleaned_3-metoxyl-5-methylphenol_opt-4_uff_E=95.19,-5.8,0.0,0.0
2az5_cleaned_3-metoxyl-5-methylphenol_opt-4_uff_E=95.19,-5.6,3.242,1.011
2az5_cleaned_3-metoxyl-5-methylphenol_opt-4_uff_E=95.19,-4.6,6.566,4.983
2az5_cleaned_3-metoxyl-5-methylphenol_opt-4_uff_E=95.19,-4.4,10.291,9.856
2az5_cleaned_3-metoxyl-5-methylphenol_opt-4_uff_E=95.19,-4.3,8.481,6.829
2az5_cleaned_3-metoxyl-5-methylphenol_opt-4_uff_E=95.19,-4.3,11.158,10.081
2az5_cleaned_3-metoxyl-5-methylphenol_opt-4_uff_E=95.19,-4.3,10.595,10.071
2az5_cleaned_3-metoxyl-5-methylphenol_opt-4_uff_E=95.19,-4.3,10.352,10.106
2az5_cleaned_3-metoxyl-5-methylphenol_opt-4_uff_E=95.19,-4.2,12.902,11.189
2az5_cleaned_3-octanone_opt-1_uff_E=32.86,-3.5,0.0,0.0
2az5_cleaned_3-octanone_opt-1_uff_E=32.86,-3.4,4.765,3.521
2az5_cleaned_3-octanone_opt-1_uff_E=32.86,-3.4,3.775,2.342
2az5_cleaned_3-octanone_opt-1_uff_E=32.86,-3.4,15.978,14.518
2az5_cleaned_3-octanone_opt-1_uff_E=32.86,-3.3,3.689,1.741
2az5_cleaned_3-octanone_opt-1_uff_E=32.86,-3.3,4.148,2.133
2az5_cleaned_3-octanone_opt-1_uff_E=32.86,-3.3,4.008,2.605
2az5_cleaned_3-octanone_opt-1_uff_E=32.86,-3.2,25.008,23.702
2az5_cleaned_3-octanone_opt-1_uff_E=32.86,-3.2,20.401,19.051
2az5_cleaned_3-octanone_opt-2_uff_E=32.86,-3.9,0.0,0.0
2az5_cleaned_3-octanone_opt-2_uff_E=32.86,-3.9,6.818,5.103
2az5_cleaned_3-octanone_opt-2_uff_E=32.86,-3.6,16.329,14.509
2az5_cleaned_3-octanone_opt-2_uff_E=32.86,-3.5,15.078,14.192
2az5_cleaned_3-octanone_opt-2_uff_E=32.86,-3.5,15.606,14.623
2az5_cleaned_3-octanone_opt-2_uff_E=32.86,-3.5,16.589,14.787
2az5_cleaned_3-octanone_opt-2_uff_E=32.86,-3.5,15.327,14.073
2az5_cleaned_3-octanone_opt-2_uff_E=32.86,-3.4,16.697,15.271
2az5_cleaned_3-octanone_opt-2_uff_E=32.86,-3.4,15.04,14.395
2az5_cleaned_3-octanone_opt-3_uff_E=32.86,-4.5,0.0,0.0
2az5_cleaned_3-octanone_opt-3_uff_E=32.86,-4.3,7.912,5.966
2az5_cleaned_3-octanone_opt-3_uff_E=32.86,-4.1,6.17,4.356
2az5_cleaned_3-octanone_opt-3_uff_E=32.86,-3.8,6.606,3.258
2az5_cleaned_3-octanone_opt-3_uff_E=32.86,-3.7,17.275,15.564
2az5_cleaned_3-octanone_opt-3_uff_E=32.86,-3.6,16.71,15.688
2az5_cleaned_3-octanone_opt-3_uff_E=32.86,-3.6,16.588,15.768
2az5_cleaned_3-octanone_opt-3_uff_E=32.86,-3.6,16.399,15.703
2az5_cleaned_3-octanone_opt-3_uff_E=32.86,-3.5,15.99,15.442
2az5_cleaned_3-octanone_opt-4_uff_E=32.86,-5.4,0.0,0.0
2az5_cleaned_3-octanone_opt-4_uff_E=32.86,-4.1,7.384,5.509
2az5_cleaned_3-octanone_opt-4_uff_E=32.86,-3.6,8.496,6.611
2az5_cleaned_3-octanone_opt-4_uff_E=32.86,-3.6,19.159,17.651
2az5_cleaned_3-octanone_opt-4_uff_E=32.86,-3.6,17.296,16.343
2az5_cleaned_3-octanone_opt-4_uff_E=32.86,-3.6,18.652,17.809
2az5_cleaned_3-octanone_opt-4_uff_E=32.86,-3.5,19.626,17.945
2az5_cleaned_3-octanone_opt-4_uff_E=32.86,-3.5,18.326,17.54
2az5_cleaned_3-octanone_opt-4_uff_E=32.86,-3.5,10.883,10.016
2az5_cleaned_8-Methoxycirsilineol_opt-1_uff_E=519.92,-6.0,0.0,0.0
2az5_cleaned_8-Methoxycirsilineol_opt-1_uff_E=519.92,-5.9,24.011,20.987
2az5_cleaned_8-Methoxycirsilineol_opt-1_uff_E=519.92,-5.7,3.181,1.173
2az5_cleaned_8-Methoxycirsilineol_opt-1_uff_E=519.92,-5.5,2.041,1.004
2az5_cleaned_8-Methoxycirsilineol_opt-1_uff_E=519.92,-5.4,7.899,2.794
2az5_cleaned_8-Methoxycirsilineol_opt-1_uff_E=519.92,-5.3,22.491,20.638
2az5_cleaned_8-Methoxycirsilineol_opt-1_uff_E=519.92,-5.3,4.191,2.978
2az5_cleaned_8-Methoxycirsilineol_opt-1_uff_E=519.92,-5.3,7.838,2.233
2az5_cleaned_8-Methoxycirsilineol_opt-1_uff_E=519.92,-5.2,23.363,22.106
2az5_cleaned_8-Methoxycirsilineol_opt-2_uff_E=519.92,-6.0,0.0,0.0
2az5_cleaned_8-Methoxycirsilineol_opt-2_uff_E=519.92,-5.7,3.11,1.027
2az5_cleaned_8-Methoxycirsilineol_opt-2_uff_E=519.92,-5.6,21.956,18.139
2az5_cleaned_8-Methoxycirsilineol_opt-2_uff_E=519.92,-5.6,1.959,0.863
2az5_cleaned_8-Methoxycirsilineol_opt-2_uff_E=519.92,-5.5,22.27,20.999
2az5_cleaned_8-Methoxycirsilineol_opt-2_uff_E=519.92,-5.3,4.094,2.953
2az5_cleaned_8-Methoxycirsilineol_opt-2_uff_E=519.92,-5.3,24.314,21.775
2az5_cleaned_8-Methoxycirsilineol_opt-2_uff_E=519.92,-5.2,7.641,2.904
2az5_cleaned_8-Methoxycirsilineol_opt-2_uff_E=519.92,-5.2,24.368,20.392
2az5_cleaned_8-Methoxycirsilineol_opt-3_uff_E=519.92,-6.1,0.0,0.0
2az5_cleaned_8-Methoxycirsilineol_opt-3_uff_E=519.92,-6.0,5.902,3.533
2az5_cleaned_8-Methoxycirsilineol_opt-3_uff_E=519.92,-5.9,18.998,17.415
2az5_cleaned_8-Methoxycirsilineol_opt-3_uff_E=519.92,-5.9,20.539,18.251
2az5_cleaned_8-Methoxycirsilineol_opt-3_uff_E=519.92,-5.8,3.162,1.237
2az5_cleaned_8-Methoxycirsilineol_opt-3_uff_E=519.92,-5.7,5.452,3.482
2az5_cleaned_8-Methoxycirsilineol_opt-3_uff_E=519.92,-5.4,4.018,1.9
2az5_cleaned_8-Methoxycirsilineol_opt-3_uff_E=519.92,-5.3,7.327,2.713
2az5_cleaned_8-Methoxycirsilineol_opt-3_uff_E=519.92,-5.3,21.074,18.492
2az5_cleaned_8-Methoxycirsilineol_opt-4_uff_E=519.92,-6.0,0.0,0.0
2az5_cleaned_8-Methoxycirsilineol_opt-4_uff_E=519.92,-5.9,22.372,20.618
2az5_cleaned_8-Methoxycirsilineol_opt-4_uff_E=519.92,-5.6,1.906,0.742
2az5_cleaned_8-Methoxycirsilineol_opt-4_uff_E=519.92,-5.6,24.124,21.093
2az5_cleaned_8-Methoxycirsilineol_opt-4_uff_E=519.92,-5.5,3.398,1.614
2az5_cleaned_8-Methoxycirsilineol_opt-4_uff_E=519.92,-5.5,21.985,18.148
2az5_cleaned_8-Methoxycirsilineol_opt-4_uff_E=519.92,-5.3,22.382,21.006
2az5_cleaned_8-Methoxycirsilineol_opt-4_uff_E=519.92,-5.2,23.286,20.637
2az5_cleaned_8-Methoxycirsilineol_opt-4_uff_E=519.92,-5.2,7.976,3.403
2az5_cleaned_Alpha-Terpineol_opt-1_uff_E=145.36,-4.7,0.0,0.0
2az5_cleaned_Alpha-Terpineol_opt-1_uff_E=145.36,-4.7,6.841,5.091
2az5_cleaned_Alpha-Terpineol_opt-1_uff_E=145.36,-4.6,6.839,5.635
2az5_cleaned_Alpha-Terpineol_opt-1_uff_E=145.36,-4.6,17.479,16.866
2az5_cleaned_Alpha-Terpineol_opt-1_uff_E=145.36,-4.3,17.565,15.489
2az5_cleaned_Alpha-Terpineol_opt-1_uff_E=145.36,-4.3,21.453,20.348
2az5_cleaned_Alpha-Terpineol_opt-1_uff_E=145.36,-4.3,16.84,15.454
2az5_cleaned_Alpha-Terpineol_opt-1_uff_E=145.36,-4.3,17.171,16.486
2az5_cleaned_Alpha-Terpineol_opt-1_uff_E=145.36,-4.2,13.944,12.625
2az5_cleaned_Alpha-Terpineol_opt_2_uff_E=145.36,-5.0,0.0,0.0
2az5_cleaned_Alpha-Terpineol_opt_2_uff_E=145.36,-4.7,7.333,5.313
2az5_cleaned_Alpha-Terpineol_opt_2_uff_E=145.36,-4.6,7.361,6.252
2az5_cleaned_Alpha-Terpineol_opt_2_uff_E=145.36,-4.6,16.889,16.33
2az5_cleaned_Alpha-Terpineol_opt_2_uff_E=145.36,-4.3,16.681,16.243
2az5_cleaned_Alpha-Terpineol_opt_2_uff_E=145.36,-4.3,14.245,13.2
2az5_cleaned_Alpha-Terpineol_opt_2_uff_E=145.36,-4.3,21.129,19.339
2az5_cleaned_Alpha-Terpineol_opt_2_uff_E=145.36,-4.3,16.245,14.865
2az5_cleaned_Alpha-Terpineol_opt_2_uff_E=145.36,-4.2,13.787,12.629
2az5_cleaned_Alpha-Terpineol_opt_3_uff_E=145.36,-4.6,0.0,0.0
2az5_cleaned_Alpha-Terpineol_opt_3_uff_E=145.36,-4.6,4.987,2.066
2az5_cleaned_Alpha-Terpineol_opt_3_uff_E=145.36,-4.5,21.813,21.138
2az5_cleaned_Alpha-Terpineol_opt_3_uff_E=145.36,-4.3,21.387,20.816
2az5_cleaned_Alpha-Terpineol_opt_3_uff_E=145.36,-4.2,20.81,18.91
2az5_cleaned_Alpha-Terpineol_opt_3_uff_E=145.36,-4.2,14.019,12.71
2az5_cleaned_Alpha-Terpineol_opt_3_uff_E=145.36,-4.2,13.621,12.241
2az5_cleaned_Alpha-Terpineol_opt_3_uff_E=145.36,-4.1,11.466,9.95
2az5_cleaned_Alpha-Terpineol_opt_3_uff_E=145.36,-4.0,15.004,13.678
2az5_cleaned_Alpha-Terpineol_opt_4_uff_E=145.36,-5.0,0.0,0.0
2az5_cleaned_Alpha-Terpineol_opt_4_uff_E=145.36,-4.7,7.431,5.412
2az5_cleaned_Alpha-Terpineol_opt_4_uff_E=145.36,-4.6,7.364,6.258
2az5_cleaned_Alpha-Terpineol_opt_4_uff_E=145.36,-4.6,16.886,16.32
2az5_cleaned_Alpha-Terpineol_opt_4_uff_E=145.36,-4.3,16.981,14.378
2az5_cleaned_Alpha-Terpineol_opt_4_uff_E=145.36,-4.3,21.136,19.316
2az5_cleaned_Alpha-Terpineol_opt_4_uff_E=145.36,-4.3,16.273,14.933
2az5_cleaned_Alpha-Terpineol_opt_4_uff_E=145.36,-4.2,13.77,12.626
2az5_cleaned_Alpha-Terpineol_opt_4_uff_E=145.36,-4.2,13.766,12.66
2az5_cleaned_Alpha-phellandrene_opt-1_uff_E=146.62,-4.5,0.0,0.0
2az5_cleaned_Alpha-phellandrene_opt-1_uff_E=146.62,-4.4,13.746,12.575
2az5_cleaned_Alpha-phellandrene_opt-1_uff_E=146.62,-4.4,12.271,11.158
2az5_cleaned_Alpha-phellandrene_opt-1_uff_E=146.62,-4.2,16.502,15.969
2az5_cleaned_Alpha-phellandrene_opt-1_uff_E=146.62,-4.2,11.736,10.049
2az5_cleaned_Alpha-phellandrene_opt-1_uff_E=146.62,-4.1,7.288,5.259
2az5_cleaned_Alpha-phellandrene_opt-1_uff_E=146.62,-4.1,11.536,10.258
2az5_cleaned_Alpha-phellandrene_opt-1_uff_E=146.62,-4.0,4.302,1.181
2az5_cleaned_Alpha-phellandrene_opt-1_uff_E=146.62,-4.0,5.206,3.405
2az5_cleaned_Alpha-phellandrene_opt-2_uff_E=146.62,-4.4,0.0,0.0
2az5_cleaned_Alpha-phellandrene_opt-2_uff_E=146.62,-4.4,13.634,12.404
2az5_cleaned_Alpha-phellandrene_opt-2_uff_E=146.62,-4.3,4.349,2.226
2az5_cleaned_Alpha-phellandrene_opt-2_uff_E=146.62,-4.2,13.722,12.554
2az5_cleaned_Alpha-phellandrene_opt-2_uff_E=146.62,-4.2,15.287,13.484
2az5_cleaned_Alpha-phellandrene_opt-2_uff_E=146.62,-4.1,13.791,12.346
2az5_cleaned_Alpha-phellandrene_opt-2_uff_E=146.62,-4.1,17.772,14.92
2az5_cleaned_Alpha-phellandrene_opt-2_uff_E=146.62,-4.1,4.454,1.682
2az5_cleaned_Alpha-phellandrene_opt-2_uff_E=146.62,-4.0,18.132,15.759
2az5_cleaned_Alpha-phellandrene_opt-3_uff_E=146.62,-4.4,0.0,0.0
2az5_cleaned_Alpha-phellandrene_opt-3_uff_E=146.62,-4.4,4.511,2.003
2az5_cleaned_Alpha-phellandrene_opt-3_uff_E=146.62,-4.2,15.1,13.773
2az5_cleaned_Alpha-phellandrene_opt-3_uff_E=146.62,-4.1,17.62,15.602
2az5_cleaned_Alpha-phellandrene_opt-3_uff_E=146.62,-4.1,17.984,16.408
2az5_cleaned_Alpha-phellandrene_opt-3_uff_E=146.62,-4.1,3.54,2.45
2az5_cleaned_Alpha-phellandrene_opt-3_uff_E=146.62,-4.1,4.447,1.904
2az5_cleaned_Alpha-phellandrene_opt-3_uff_E=146.62,-4.0,2.125,1.497
2az5_cleaned_Alpha-phellandrene_opt-3_uff_E=146.62,-3.9,19.448,17.777
2az5_cleaned_Alpha-phellandrene_opt-4_uff_E=146.62,-4.4,0.0,0.0
2az5_cleaned_Alpha-phellandrene_opt-4_uff_E=146.62,-4.4,4.529,2.032
2az5_cleaned_Alpha-phellandrene_opt-4_uff_E=146.62,-4.2,16.44,14.979
2az5_cleaned_Alpha-phellandrene_opt-4_uff_E=146.62,-4.2,16.35,14.689
2az5_cleaned_Alpha-phellandrene_opt-4_uff_E=146.62,-4.2,14.614,13.156
2az5_cleaned_Alpha-phellandrene_opt-4_uff_E=146.62,-4.1,16.011,13.82
2az5_cleaned_Alpha-phellandrene_opt-4_uff_E=146.62,-4.1,3.934,2.179
2az5_cleaned_Alpha-phellandrene_opt-4_uff_E=146.62,-4.1,11.433,10.041
2az5_cleaned_Alpha-phellandrene_opt-4_uff_E=146.62,-4.0,3.156,1.787
2az5_cleaned_Apigenin_opt_1_uff_E=236.52,-6.9,0.0,0.0
2az5_cleaned_Apigenin_opt_1_uff_E=236.52,-6.9,1.084,0.035
2az5_cleaned_Apigenin_opt_1_uff_E=236.52,-6.4,19.186,17.831
2az5_cleaned_Apigenin_opt_1_uff_E=236.52,-6.0,18.614,16.319
2az5_cleaned_Apigenin_opt_1_uff_E=236.52,-6.0,20.132,17.783
2az5_cleaned_Apigenin_opt_1_uff_E=236.52,-5.9,22.447,21.37
2az5_cleaned_Apigenin_opt_1_uff_E=236.52,-5.8,7.289,2.488
2az5_cleaned_Apigenin_opt_1_uff_E=236.52,-5.8,7.432,1.969
2az5_cleaned_Apigenin_opt_1_uff_E=236.52,-5.8,13.722,11.83
2az5_cleaned_Apigenin_opt_2_uff_E=236.52,-6.9,0.0,0.0
2az5_cleaned_Apigenin_opt_2_uff_E=236.52,-6.4,19.189,17.834
2az5_cleaned_Apigenin_opt_2_uff_E=236.52,-6.3,6.675,1.63
2az5_cleaned_Apigenin_opt_2_uff_E=236.52,-6.0,20.125,17.826
2az5_cleaned_Apigenin_opt_2_uff_E=236.52,-5.9,3.221,2.294
2az5_cleaned_Apigenin_opt_2_uff_E=236.52,-5.8,22.462,21.376
2az5_cleaned_Apigenin_opt_2_uff_E=236.52,-5.8,13.697,11.697
2az5_cleaned_Apigenin_opt_2_uff_E=236.52,-5.7,19.692,17.99
2az5_cleaned_Apigenin_opt_2_uff_E=236.52,-5.7,4.018,2.268
2az5_cleaned_Apigenin_opt_3_uff_E=236.52,-6.9,0.0,0.0
2az5_cleaned_Apigenin_opt_3_uff_E=236.52,-6.4,19.186,17.831
2az5_cleaned_Apigenin_opt_3_uff_E=236.52,-6.0,18.603,16.313
2az5_cleaned_Apigenin_opt_3_uff_E=236.52,-6.0,19.45,18.099
2az5_cleaned_Apigenin_opt_3_uff_E=236.52,-5.9,3.309,2.362
2az5_cleaned_Apigenin_opt_3_uff_E=236.52,-5.8,7.44,1.974
2az5_cleaned_Apigenin_opt_3_uff_E=236.52,-5.8,13.698,11.704
2az5_cleaned_Apigenin_opt_3_uff_E=236.52,-5.7,19.298,18.256
2az5_cleaned_Apigenin_opt_3_uff_E=236.52,-5.7,7.301,2.494
2az5_cleaned_Apigenin_opt_4_uff_E=236.52,-6.9,0.0,0.0
2az5_cleaned_Apigenin_opt_4_uff_E=236.52,-6.6,2.006,1.273
2az5_cleaned_Apigenin_opt_4_uff_E=236.52,-6.4,19.192,17.833
2az5_cleaned_Apigenin_opt_4_uff_E=236.52,-6.0,18.612,16.319
2az5_cleaned_Apigenin_opt_4_uff_E=236.52,-6.0,20.116,17.793
2az5_cleaned_Apigenin_opt_4_uff_E=236.52,-6.0,19.463,18.105
2az5_cleaned_Apigenin_opt_4_uff_E=236.52,-5.9,19.284,18.155
2az5_cleaned_Apigenin_opt_4_uff_E=236.52,-5.8,22.461,21.375
2az5_cleaned_Apigenin_opt_4_uff_E=236.52,-5.8,19.197,17.626
2az5_cleaned_Apigetrin_opt_1_uff_E=427.16,-7.7,0.0,0.0
2az5_cleaned_Apigetrin_opt_1_uff_E=427.16,-7.6,3.848,1.893
2az5_cleaned_Apigetrin_opt_1_uff_E=427.16,-7.2,23.302,19.954
2az5_cleaned_Apigetrin_opt_1_uff_E=427.16,-7.0,5.477,2.503
2az5_cleaned_Apigetrin_opt_1_uff_E=427.16,-7.0,3.055,1.64
2az5_cleaned_Apigetrin_opt_1_uff_E=427.16,-6.9,20.216,17.846
2az5_cleaned_Apigetrin_opt_1_uff_E=427.16,-6.8,22.855,19.89
2az5_cleaned_Apigetrin_opt_1_uff_E=427.16,-6.7,22.252,20.249
2az5_cleaned_Apigetrin_opt_1_uff_E=427.16,-6.6,21.014,19.156
2az5_cleaned_Apigetrin_opt_3_uff_E=427.16,-7.8,0.0,0.0
2az5_cleaned_Apigetrin_opt_3_uff_E=427.16,-7.6,3.992,2.012
2az5_cleaned_Apigetrin_opt_3_uff_E=427.16,-7.6,5.06,3.906
2az5_cleaned_Apigetrin_opt_3_uff_E=427.16,-7.6,2.819,2.052
2az5_cleaned_Apigetrin_opt_3_uff_E=427.16,-7.2,2.926,1.673
2az5_cleaned_Apigetrin_opt_3_uff_E=427.16,-6.9,22.534,19.691
2az5_cleaned_Apigetrin_opt_3_uff_E=427.16,-6.9,20.291,17.332
2az5_cleaned_Apigetrin_opt_3_uff_E=427.16,-6.9,20.241,17.726
2az5_cleaned_Apigetrin_opt_3_uff_E=427.16,-6.8,9.376,2.381
2az5_cleaned_Apigetrin_opt_4_uff_E=427.16,-7.6,0.0,0.0
2az5_cleaned_Apigetrin_opt_4_uff_E=427.16,-7.6,3.52,1.833
2az5_cleaned_Apigetrin_opt_4_uff_E=427.16,-7.5,5.612,4.308
2az5_cleaned_Apigetrin_opt_4_uff_E=427.16,-7.2,23.549,20.234
2az5_cleaned_Apigetrin_opt_4_uff_E=427.16,-6.7,23.315,20.189
2az5_cleaned_Apigetrin_opt_4_uff_E=427.16,-6.6,2.627,1.571
2az5_cleaned_Apigetrin_opt_4_uff_E=427.16,-6.5,23.781,21.057
2az5_cleaned_Apigetrin_opt_4_uff_E=427.16,-6.5,20.704,18.181
2az5_cleaned_Apigetrin_opt_4_uff_E=427.16,-6.5,23.595,19.98
2az5_cleaned_Caffeic_acid_opt_1_uff_E=94.36,-5.3,0.0,0.0
2az5_cleaned_Caffeic_acid_opt_1_uff_E=94.36,-5.2,1.957,0.895
2az5_cleaned_Caffeic_acid_opt_1_uff_E=94.36,-5.0,15.824,13.972
2az5_cleaned_Caffeic_acid_opt_1_uff_E=94.36,-5.0,17.851,17.46
2az5_cleaned_Caffeic_acid_opt_1_uff_E=94.36,-5.0,12.423,11.413
2az5_cleaned_Caffeic_acid_opt_1_uff_E=94.36,-4.8,4.382,3.242
2az5_cleaned_Caffeic_acid_opt_1_uff_E=94.36,-4.8,17.227,16.243
2az5_cleaned_Caffeic_acid_opt_1_uff_E=94.36,-4.8,17.333,16.14
2az5_cleaned_Caffeic_acid_opt_1_uff_E=94.36,-4.7,18.959,18.704
2az5_cleaned_Caffeic_acid_opt_2_uff_E=94.36,-5.4,0.0,0.0
2az5_cleaned_Caffeic_acid_opt_2_uff_E=94.36,-5.0,17.706,17.221
2az5_cleaned_Caffeic_acid_opt_2_uff_E=94.36,-5.0,12.522,11.64
2az5_cleaned_Caffeic_acid_opt_2_uff_E=94.36,-4.9,17.62,16.428
2az5_cleaned_Caffeic_acid_opt_2_uff_E=94.36,-4.9,15.943,13.916
2az5_cleaned_Caffeic_acid_opt_2_uff_E=94.36,-4.9,5.293,2.222
2az5_cleaned_Caffeic_acid_opt_2_uff_E=94.36,-4.9,5.985,1.655
2az5_cleaned_Caffeic_acid_opt_2_uff_E=94.36,-4.6,35.151,33.706
2az5_cleaned_Caffeic_acid_opt_2_uff_E=94.36,-4.6,6.051,1.821
2az5_cleaned_Caffeic_acid_opt_3_uff_E=94.36,-6.3,0.0,0.0
2az5_cleaned_Caffeic_acid_opt_3_uff_E=94.36,-5.6,6.716,5.131
2az5_cleaned_Caffeic_acid_opt_3_uff_E=94.36,-5.3,11.579,11.114
2az5_cleaned_Caffeic_acid_opt_3_uff_E=94.36,-5.2,11.554,11.037
2az5_cleaned_Caffeic_acid_opt_3_uff_E=94.36,-5.0,14.08,11.705
2az5_cleaned_Caffeic_acid_opt_3_uff_E=94.36,-4.9,10.207,10.002
2az5_cleaned_Caffeic_acid_opt_3_uff_E=94.36,-4.8,12.58,11.434
2az5_cleaned_Caffeic_acid_opt_3_uff_E=94.36,-4.8,12.336,10.973
2az5_cleaned_Caffeic_acid_opt_3_uff_E=94.36,-4.8,7.724,6.179
2az5_cleaned_Caffeic_acid_opt_4_uff_E=94.36,-5.2,0.0,0.0
2az5_cleaned_Caffeic_acid_opt_4_uff_E=94.36,-5.0,17.226,16.87
2az5_cleaned_Caffeic_acid_opt_4_uff_E=94.36,-5.0,12.555,11.58
2az5_cleaned_Caffeic_acid_opt_4_uff_E=94.36,-5.0,18.528,18.165
2az5_cleaned_Caffeic_acid_opt_4_uff_E=94.36,-4.8,15.768,13.987
2az5_cleaned_Caffeic_acid_opt_4_uff_E=94.36,-4.8,4.397,3.531
2az5_cleaned_Caffeic_acid_opt_4_uff_E=94.36,-4.8,5.938,1.284
2az5_cleaned_Caffeic_acid_opt_4_uff_E=94.36,-4.7,9.308,7.126
2az5_cleaned_Caffeic_acid_opt_4_uff_E=94.36,-4.6,15.608,11.922
2az5_cleaned_Carophyllene_oxide_opt_1_uff_E=2181.06,-5.5,0.0,0.0
2az5_cleaned_Carophyllene_oxide_opt_1_uff_E=2181.06,-5.5,3.482,1.663
2az5_cleaned_Carophyllene_oxide_opt_1_uff_E=2181.06,-5.0,3.307,1.984
2az5_cleaned_Carophyllene_oxide_opt_1_uff_E=2181.06,-5.0,14.591,12.478
2az5_cleaned_Carophyllene_oxide_opt_1_uff_E=2181.06,-4.9,14.68,12.727
2az5_cleaned_Carophyllene_oxide_opt_1_uff_E=2181.06,-4.7,15.705,13.761
2az5_cleaned_Carophyllene_oxide_opt_1_uff_E=2181.06,-4.7,4.406,2.056
2az5_cleaned_Carophyllene_oxide_opt_1_uff_E=2181.06,-4.6,22.521,20.684
2az5_cleaned_Carophyllene_oxide_opt_1_uff_E=2181.06,-4.6,22.36,20.268
2az5_cleaned_Carophyllene_oxide_opt_2_uff_E=2181.06,-5.5,0.0,0.0
2az5_cleaned_Carophyllene_oxide_opt_2_uff_E=2181.06,-5.5,3.485,1.668
2az5_cleaned_Carophyllene_oxide_opt_2_uff_E=2181.06,-5.0,4.974,2.431
2az5_cleaned_Carophyllene_oxide_opt_2_uff_E=2181.06,-5.0,3.287,1.984
2az5_cleaned_Carophyllene_oxide_opt_2_uff_E=2181.06,-4.9,14.881,13.102
2az5_cleaned_Carophyllene_oxide_opt_2_uff_E=2181.06,-4.8,14.403,12.465
2az5_cleaned_Carophyllene_oxide_opt_2_uff_E=2181.06,-4.8,15.539,13.899
2az5_cleaned_Carophyllene_oxide_opt_2_uff_E=2181.06,-4.7,15.15,13.485
2az5_cleaned_Carophyllene_oxide_opt_2_uff_E=2181.06,-4.6,15.858,13.9
2az5_cleaned_Carophyllene_oxide_opt_3_uff_E=2181.06,-5.5,0.0,0.0
2az5_cleaned_Carophyllene_oxide_opt_3_uff_E=2181.06,-5.5,3.468,1.636
2az5_cleaned_Carophyllene_oxide_opt_3_uff_E=2181.06,-5.1,22.137,20.029
2az5_cleaned_Carophyllene_oxide_opt_3_uff_E=2181.06,-5.0,4.936,2.452
2az5_cleaned_Carophyllene_oxide_opt_3_uff_E=2181.06,-5.0,3.301,1.965
2az5_cleaned_Carophyllene_oxide_opt_3_uff_E=2181.06,-5.0,14.561,12.465
2az5_cleaned_Carophyllene_oxide_opt_3_uff_E=2181.06,-5.0,14.919,13.067
2az5_cleaned_Carophyllene_oxide_opt_3_uff_E=2181.06,-4.7,4.493,2.078
2az5_cleaned_Carophyllene_oxide_opt_3_uff_E=2181.06,-4.7,4.462,2.255
2az5_cleaned_Carophyllene_oxide_opt_4_uff_E=2181.06,-5.5,0.0,0.0
2az5_cleaned_Carophyllene_oxide_opt_4_uff_E=2181.06,-5.5,3.495,1.681
2az5_cleaned_Carophyllene_oxide_opt_4_uff_E=2181.06,-5.0,3.256,1.939
2az5_cleaned_Carophyllene_oxide_opt_4_uff_E=2181.06,-5.0,4.905,2.389
2az5_cleaned_Carophyllene_oxide_opt_4_uff_E=2181.06,-5.0,14.853,12.982
2az5_cleaned_Carophyllene_oxide_opt_4_uff_E=2181.06,-4.8,14.626,12.802
2az5_cleaned_Carophyllene_oxide_opt_4_uff_E=2181.06,-4.8,4.962,2.494
2az5_cleaned_Carophyllene_oxide_opt_4_uff_E=2181.06,-4.8,4.523,2.092
2az5_cleaned_Carophyllene_oxide_opt_4_uff_E=2181.06,-4.8,15.768,14.12
2az5_cleaned_Carvacrol_opt_1_uff_E=73.99,-5.1,0.0,0.0
2az5_cleaned_Carvacrol_opt_1_uff_E=73.99,-4.7,16.611,15.644
2az5_cleaned_Carvacrol_opt_1_uff_E=73.99,-4.7,16.737,16.022
2az5_cleaned_Carvacrol_opt_1_uff_E=73.99,-4.5,5.536,4.05
2az5_cleaned_Carvacrol_opt_1_uff_E=73.99,-4.5,4.315,1.738
2az5_cleaned_Carvacrol_opt_1_uff_E=73.99,-4.5,13.461,12.168
2az5_cleaned_Carvacrol_opt_1_uff_E=73.99,-4.4,11.816,11.197
2az5_cleaned_Carvacrol_opt_1_uff_E=73.99,-4.4,8.252,5.486
2az5_cleaned_Carvacrol_opt_1_uff_E=73.99,-4.3,16.976,16.068
2az5_cleaned_Carvacrol_opt_2_uff_E=73.99,-4.8,0.0,0.0
2az5_cleaned_Carvacrol_opt_2_uff_E=73.99,-4.7,4.469,1.355
2az5_cleaned_Carvacrol_opt_2_uff_E=73.99,-4.5,20.867,19.95
2az5_cleaned_Carvacrol_opt_2_uff_E=73.99,-4.5,14.97,13.951
2az5_cleaned_Carvacrol_opt_2_uff_E=73.99,-4.5,18.788,18.081
2az5_cleaned_Carvacrol_opt_2_uff_E=73.99,-4.4,35.856,34.73
2az5_cleaned_Carvacrol_opt_2_uff_E=73.99,-4.4,14.58,13.432
2az5_cleaned_Carvacrol_opt_2_uff_E=73.99,-4.4,12.902,10.638
2az5_cleaned_Carvacrol_opt_2_uff_E=73.99,-4.3,22.993,22.024
2az5_cleaned_Carvacrol_opt_3_uff_E=73.99,-5.1,0.0,0.0
2az5_cleaned_Carvacrol_opt_3_uff_E=73.99,-5.0,9.424,6.906
2az5_cleaned_Carvacrol_opt_3_uff_E=73.99,-4.7,18.43,17.518
2az5_cleaned_Carvacrol_opt_3_uff_E=73.99,-4.7,18.483,16.643
2az5_cleaned_Carvacrol_opt_3_uff_E=73.99,-4.6,8.984,7.486
2az5_cleaned_Carvacrol_opt_3_uff_E=73.99,-4.6,18.359,16.54
2az5_cleaned_Carvacrol_opt_3_uff_E=73.99,-4.5,10.079,8.818
2az5_cleaned_Carvacrol_opt_3_uff_E=73.99,-4.5,9.13,6.369
2az5_cleaned_Carvacrol_opt_3_uff_E=73.99,-4.5,20.209,17.896
2az5_cleaned_Carvacrol_opt_4_uff_E=73.99,-4.8,0.0,0.0
2az5_cleaned_Carvacrol_opt_4_uff_E=73.99,-4.7,4.478,1.366
2az5_cleaned_Carvacrol_opt_4_uff_E=73.99,-4.7,17.227,16.341
2az5_cleaned_Carvacrol_opt_4_uff_E=73.99,-4.6,20.842,19.922
2az5_cleaned_Carvacrol_opt_4_uff_E=73.99,-4.6,16.797,16.118
2az5_cleaned_Carvacrol_opt_4_uff_E=73.99,-4.5,2.103,1.513
2az5_cleaned_Carvacrol_opt_4_uff_E=73.99,-4.5,14.78,13.656
2az5_cleaned_Carvacrol_opt_4_uff_E=73.99,-4.5,21.46,20.687
2az5_cleaned_Carvacrol_opt_4_uff_E=73.99,-4.5,17.301,14.885
2az5_cleaned_Cirsilineol_opt_1_uff_E=403.08,-6.8,0.0,0.0
2az5_cleaned_Cirsilineol_opt_1_uff_E=403.08,-6.5,2.132,1.38
2az5_cleaned_Cirsilineol_opt_1_uff_E=403.08,-6.2,8.023,1.831
2az5_cleaned_Cirsilineol_opt_1_uff_E=403.08,-6.0,19.85,18.335
2az5_cleaned_Cirsilineol_opt_1_uff_E=403.08,-6.0,20.06,18.237
2az5_cleaned_Cirsilineol_opt_1_uff_E=403.08,-5.8,8.102,2.007
2az5_cleaned_Cirsilineol_opt_1_uff_E=403.08,-5.8,21.27,18.501
2az5_cleaned_Cirsilineol_opt_1_uff_E=403.08,-5.7,8.366,2.124
2az5_cleaned_Cirsilineol_opt_1_uff_E=403.08,-5.7,8.115,2.688
2az5_cleaned_Cirsilineol_opt_2_uff_E=403.08,-6.8,0.0,0.0
2az5_cleaned_Cirsilineol_opt_2_uff_E=403.08,-6.7,1.959,0.821
2az5_cleaned_Cirsilineol_opt_2_uff_E=403.08,-6.5,7.532,1.568
2az5_cleaned_Cirsilineol_opt_2_uff_E=403.08,-6.2,8.041,1.863
2az5_cleaned_Cirsilineol_opt_2_uff_E=403.08,-6.0,19.72,18.227
2az5_cleaned_Cirsilineol_opt_2_uff_E=403.08,-5.9,20.09,18.252
2az5_cleaned_Cirsilineol_opt_2_uff_E=403.08,-5.9,19.822,18.116
2az5_cleaned_Cirsilineol_opt_2_uff_E=403.08,-5.8,8.331,2.061
2az5_cleaned_Cirsilineol_opt_2_uff_E=403.08,-5.7,19.983,16.436
2az5_cleaned_Cirsilineol_opt_3_uff_E=403.08,-6.7,0.0,0.0
2az5_cleaned_Cirsilineol_opt_3_uff_E=403.08,-6.6,1.987,0.898
2az5_cleaned_Cirsilineol_opt_3_uff_E=403.08,-6.2,8.016,1.826
2az5_cleaned_Cirsilineol_opt_3_uff_E=403.08,-6.0,19.895,18.387
2az5_cleaned_Cirsilineol_opt_3_uff_E=403.08,-5.9,20.104,18.257
2az5_cleaned_Cirsilineol_opt_3_uff_E=403.08,-5.7,19.975,16.502
2az5_cleaned_Cirsilineol_opt_3_uff_E=403.08,-5.5,19.649,18.6
2az5_cleaned_Cirsilineol_opt_3_uff_E=403.08,-5.5,22.328,20.173
2az5_cleaned_Cirsilineol_opt_3_uff_E=403.08,-5.5,8.204,2.084
2az5_cleaned_Cirsilineol_opt_4_uff_E=403.08,-6.8,0.0,0.0
2az5_cleaned_Cirsilineol_opt_4_uff_E=403.08,-6.2,8.016,1.906
2az5_cleaned_Cirsilineol_opt_4_uff_E=403.08,-6.1,19.631,18.063
2az5_cleaned_Cirsilineol_opt_4_uff_E=403.08,-6.0,19.861,17.923
2az5_cleaned_Cirsilineol_opt_4_uff_E=403.08,-5.8,21.184,18.527
2az5_cleaned_Cirsilineol_opt_4_uff_E=403.08,-5.5,8.316,2.606
2az5_cleaned_Cirsilineol_opt_4_uff_E=403.08,-5.5,19.537,18.04
2az5_cleaned_Cirsilineol_opt_4_uff_E=403.08,-5.4,22.37,20.258
2az5_cleaned_Cirsilineol_opt_4_uff_E=403.08,-5.4,20.204,17.502
2az5_cleaned_Cirsimaritin_opt_1_uff_E=358.12,-7.0,0.0,0.0
2az5_cleaned_Cirsimaritin_opt_1_uff_E=358.12,-6.1,7.374,1.717
2az5_cleaned_Cirsimaritin_opt_1_uff_E=358.12,-5.9,8.021,2.688
2az5_cleaned_Cirsimaritin_opt_1_uff_E=358.12,-5.9,20.571,17.793
2az5_cleaned_Cirsimaritin_opt_1_uff_E=358.12,-5.9,19.717,17.755
2az5_cleaned_Cirsimaritin_opt_1_uff_E=358.12,-5.8,19.109,17.733
2az5_cleaned_Cirsimaritin_opt_1_uff_E=358.12,-5.8,22.692,21.284
2az5_cleaned_Cirsimaritin_opt_1_uff_E=358.12,-5.7,3.284,1.86
2az5_cleaned_Cirsimaritin_opt_1_uff_E=358.12,-5.6,23.443,20.728
2az5_cleaned_Cirsimaritin_opt_2_uff_E=358.12,-7.0,0.0,0.0
2az5_cleaned_Cirsimaritin_opt_2_uff_E=358.12,-6.2,7.421,1.601
2az5_cleaned_Cirsimaritin_opt_2_uff_E=358.12,-6.0,8.043,2.685
2az5_cleaned_Cirsimaritin_opt_2_uff_E=358.12,-5.9,20.509,17.781
2az5_cleaned_Cirsimaritin_opt_2_uff_E=358.12,-5.7,19.217,16.069
2az5_cleaned_Cirsimaritin_opt_2_uff_E=358.12,-5.6,8.385,2.837
2az5_cleaned_Cirsimaritin_opt_2_uff_E=358.12,-5.6,23.476,20.723
2az5_cleaned_Cirsimaritin_opt_2_uff_E=358.12,-5.4,8.378,2.511
2az5_cleaned_Cirsimaritin_opt_2_uff_E=358.12,-5.3,7.744,2.735
2az5_cleaned_Cirsimaritin_opt_3_uff_E=358.12,-7.0,0.0,0.0
2az5_cleaned_Cirsimaritin_opt_3_uff_E=358.12,-6.1,7.391,1.728
2az5_cleaned_Cirsimaritin_opt_3_uff_E=358.12,-6.0,8.027,2.675
2az5_cleaned_Cirsimaritin_opt_3_uff_E=358.12,-5.9,20.479,17.776
2az5_cleaned_Cirsimaritin_opt_3_uff_E=358.12,-5.9,19.214,17.714
2az5_cleaned_Cirsimaritin_opt_3_uff_E=358.12,-5.9,19.764,17.731
2az5_cleaned_Cirsimaritin_opt_3_uff_E=358.12,-5.8,22.693,21.281
2az5_cleaned_Cirsimaritin_opt_3_uff_E=358.12,-5.5,8.285,2.316
2az5_cleaned_Cirsimaritin_opt_3_uff_E=358.12,-5.5,23.519,20.842
2az5_cleaned_Cirsimaritin_opt_4_uff_E=358.12,-7.0,0.0,0.0
2az5_cleaned_Cirsimaritin_opt_4_uff_E=358.12,-6.2,7.509,1.634
2az5_cleaned_Cirsimaritin_opt_4_uff_E=358.12,-6.0,8.176,2.902
2az5_cleaned_Cirsimaritin_opt_4_uff_E=358.12,-5.8,22.675,21.267
2az5_cleaned_Cirsimaritin_opt_4_uff_E=358.12,-5.6,18.9,16.598
2az5_cleaned_Cirsimaritin_opt_4_uff_E=358.12,-5.6,23.285,20.428
2az5_cleaned_Cirsimaritin_opt_4_uff_E=358.12,-5.6,18.806,17.709
2az5_cleaned_Cirsimaritin_opt_4_uff_E=358.12,-5.6,19.739,16.143
2az5_cleaned_Cirsimaritin_opt_4_uff_E=358.12,-5.6,19.103,17.49
2az5_cleaned_Cis-Sabinene_hydrate_opt_1_uff_E=1471.06,-4.5,0.0,0.0
2az5_cleaned_Cis-Sabinene_hydrate_opt_1_uff_E=1471.06,-4.3,2.271,1.254
2az5_cleaned_Cis-Sabinene_hydrate_opt_1_uff_E=1471.06,-4.1,2.708,1.777
2az5_cleaned_Cis-Sabinene_hydrate_opt_1_uff_E=1471.06,-4.1,4.019,2.048
2az5_cleaned_Cis-Sabinene_hydrate_opt_1_uff_E=1471.06,-4.1,33.486,32.088
2az5_cleaned_Cis-Sabinene_hydrate_opt_1_uff_E=1471.06,-4.1,13.225,11.5
2az5_cleaned_Cis-Sabinene_hydrate_opt_1_uff_E=1471.06,-4.0,15.696,14.086
2az5_cleaned_Cis-Sabinene_hydrate_opt_1_uff_E=1471.06,-4.0,14.714,13.225
2az5_cleaned_Cis-Sabinene_hydrate_opt_1_uff_E=1471.06,-4.0,13.167,11.133
2az5_cleaned_Cis-Sabinene_hydrate_opt_2_uff_E=1471.06,-4.5,0.0,0.0
2az5_cleaned_Cis-Sabinene_hydrate_opt_2_uff_E=1471.06,-4.3,2.261,1.255
2az5_cleaned_Cis-Sabinene_hydrate_opt_2_uff_E=1471.06,-4.1,4.018,2.048
2az5_cleaned_Cis-Sabinene_hydrate_opt_2_uff_E=1471.06,-4.1,15.97,14.268
2az5_cleaned_Cis-Sabinene_hydrate_opt_2_uff_E=1471.06,-4.1,21.162,19.798
2az5_cleaned_Cis-Sabinene_hydrate_opt_2_uff_E=1471.06,-4.1,15.724,14.113
2az5_cleaned_Cis-Sabinene_hydrate_opt_2_uff_E=1471.06,-4.0,13.198,11.603
2az5_cleaned_Cis-Sabinene_hydrate_opt_2_uff_E=1471.06,-4.0,25.311,24.167
2az5_cleaned_Cis-Sabinene_hydrate_opt_2_uff_E=1471.06,-4.0,13.024,11.649
2az5_cleaned_Cis-Sabinene_hydrate_opt_3_uff_E=1471.06,-4.5,0.0,0.0
2az5_cleaned_Cis-Sabinene_hydrate_opt_3_uff_E=1471.06,-4.3,2.283,1.257
2az5_cleaned_Cis-Sabinene_hydrate_opt_3_uff_E=1471.06,-4.2,20.884,19.422
2az5_cleaned_Cis-Sabinene_hydrate_opt_3_uff_E=1471.06,-4.1,4.013,2.037
2az5_cleaned_Cis-Sabinene_hydrate_opt_3_uff_E=1471.06,-4.1,33.502,32.091
2az5_cleaned_Cis-Sabinene_hydrate_opt_3_uff_E=1471.06,-4.1,13.255,11.53
2az5_cleaned_Cis-Sabinene_hydrate_opt_3_uff_E=1471.06,-4.0,15.724,14.116
2az5_cleaned_Cis-Sabinene_hydrate_opt_3_uff_E=1471.06,-4.0,13.16,11.121
2az5_cleaned_Cis-Sabinene_hydrate_opt_3_uff_E=1471.06,-4.0,20.856,19.542
2az5_cleaned_Cis-Sabinene_hydrate_opt_4_uff_E=1471.06,-4.5,0.0,0.0
2az5_cleaned_Cis-Sabinene_hydrate_opt_4_uff_E=1471.06,-4.3,2.273,1.262
2az5_cleaned_Cis-Sabinene_hydrate_opt_4_uff_E=1471.06,-4.2,2.682,1.731
2az5_cleaned_Cis-Sabinene_hydrate_opt_4_uff_E=1471.06,-4.2,20.875,19.423
2az5_cleaned_Cis-Sabinene_hydrate_opt_4_uff_E=1471.06,-4.1,4.02,2.057
2az5_cleaned_Cis-Sabinene_hydrate_opt_4_uff_E=1471.06,-4.1,33.508,32.096
2az5_cleaned_Cis-Sabinene_hydrate_opt_4_uff_E=1471.06,-4.1,15.747,14.197
2az5_cleaned_Cis-Sabinene_hydrate_opt_4_uff_E=1471.06,-4.0,25.312,24.168
2az5_cleaned_Cis-Sabinene_hydrate_opt_4_uff_E=1471.06,-3.9,21.171,19.69
2az5_cleaned_Coniferyl_alcohol_opt_1_uff_E=120.90,-5.0,0.0,0.0
2az5_cleaned_Coniferyl_alcohol_opt_1_uff_E=120.90,-4.9,5.919,1.792
2az5_cleaned_Coniferyl_alcohol_opt_1_uff_E=120.90,-4.9,2.312,1.196
2az5_cleaned_Coniferyl_alcohol_opt_1_uff_E=120.90,-4.8,16.658,14.403
2az5_cleaned_Coniferyl_alcohol_opt_1_uff_E=120.90,-4.6,17.266,16.102
2az5_cleaned_Coniferyl_alcohol_opt_1_uff_E=120.90,-4.5,16.907,15.77
2az5_cleaned_Coniferyl_alcohol_opt_1_uff_E=120.90,-4.5,17.027,15.763
2az5_cleaned_Coniferyl_alcohol_opt_1_uff_E=120.90,-4.5,16.669,16.276
2az5_cleaned_Coniferyl_alcohol_opt_1_uff_E=120.90,-4.4,17.029,16.043
2az5_cleaned_Coniferyl_alcohol_opt_2_uff_E=120.90,-5.2,0.0,0.0
2az5_cleaned_Coniferyl_alcohol_opt_2_uff_E=120.90,-4.8,16.758,14.257
2az5_cleaned_Coniferyl_alcohol_opt_2_uff_E=120.90,-4.8,4.892,2.694
2az5_cleaned_Coniferyl_alcohol_opt_2_uff_E=120.90,-4.8,5.828,2.039
2az5_cleaned_Coniferyl_alcohol_opt_2_uff_E=120.90,-4.7,17.046,16.683
2az5_cleaned_Coniferyl_alcohol_opt_2_uff_E=120.90,-4.6,2.12,1.65
2az5_cleaned_Coniferyl_alcohol_opt_2_uff_E=120.90,-4.5,18.303,16.675
2az5_cleaned_Coniferyl_alcohol_opt_2_uff_E=120.90,-4.5,17.828,16.868
2az5_cleaned_Coniferyl_alcohol_opt_2_uff_E=120.90,-4.3,12.721,11.42
2az5_cleaned_Coniferyl_alcohol_opt_3_uff_E=120.90,-5.4,0.0,0.0
2az5_cleaned_Coniferyl_alcohol_opt_3_uff_E=120.90,-5.2,5.327,3.986
2az5_cleaned_Coniferyl_alcohol_opt_3_uff_E=120.90,-5.2,5.685,4.722
2az5_cleaned_Coniferyl_alcohol_opt_3_uff_E=120.90,-4.8,14.483,12.469
2az5_cleaned_Coniferyl_alcohol_opt_3_uff_E=120.90,-4.8,6.235,4.537
2az5_cleaned_Coniferyl_alcohol_opt_3_uff_E=120.90,-4.8,13.889,12.192
2az5_cleaned_Coniferyl_alcohol_opt_3_uff_E=120.90,-4.8,5.722,3.786
2az5_cleaned_Coniferyl_alcohol_opt_3_uff_E=120.90,-4.6,13.074,12.664
2az5_cleaned_Coniferyl_alcohol_opt_3_uff_E=120.90,-4.5,12.891,12.281
2az5_cleaned_Coniferyl_alcohol_opt_4_uff_E=120.90,-4.8,0.0,0.0
2az5_cleaned_Coniferyl_alcohol_opt_4_uff_E=120.90,-4.7,11.596,10.389
2az5_cleaned_Coniferyl_alcohol_opt_4_uff_E=120.90,-4.7,13.489,12.145
2az5_cleaned_Coniferyl_alcohol_opt_4_uff_E=120.90,-4.5,13.234,12.397
2az5_cleaned_Coniferyl_alcohol_opt_4_uff_E=120.90,-4.5,18.735,16.414
2az5_cleaned_Coniferyl_alcohol_opt_4_uff_E=120.90,-4.4,20.589,18.965
2az5_cleaned_Coniferyl_alcohol_opt_4_uff_E=120.90,-4.3,12.465,10.424
2az5_cleaned_Coniferyl_alcohol_opt_4_uff_E=120.90,-4.3,17.396,15.032
2az5_cleaned_Coniferyl_alcohol_opt_4_uff_E=120.90,-4.2,19.219,17.827
2az5_cleaned_Creosol_opt_1_uff_E=100.86,-4.5,0.0,0.0
2az5_cleaned_Creosol_opt_1_uff_E=100.86,-4.3,12.506,11.663
2az5_cleaned_Creosol_opt_1_uff_E=100.86,-4.2,28.031,26.605
2az5_cleaned_Creosol_opt_1_uff_E=100.86,-4.2,19.842,18.856
2az5_cleaned_Creosol_opt_1_uff_E=100.86,-4.2,13.22,12.131
2az5_cleaned_Creosol_opt_1_uff_E=100.86,-4.0,3.432,2.359
2az5_cleaned_Creosol_opt_1_uff_E=100.86,-3.9,12.066,10.319
2az5_cleaned_Creosol_opt_1_uff_E=100.86,-3.9,19.627,18.312
2az5_cleaned_Creosol_opt_1_uff_E=100.86,-3.6,26.926,26.02
2az5_cleaned_Creosol_opt_2_uff_E=100.86,-5.2,0.0,0.0
2az5_cleaned_Creosol_opt_2_uff_E=100.86,-4.5,12.175,11.114
2az5_cleaned_Creosol_opt_2_uff_E=100.86,-4.4,6.74,5.242
2az5_cleaned_Creosol_opt_2_uff_E=100.86,-4.1,10.491,9.968
2az5_cleaned_Creosol_opt_2_uff_E=100.86,-4.1,10.71,10.2
2az5_cleaned_Creosol_opt_2_uff_E=100.86,-3.9,13.222,11.989
2az5_cleaned_Creosol_opt_2_uff_E=100.86,-3.9,12.8,11.636
2az5_cleaned_Creosol_opt_2_uff_E=100.86,-3.9,10.56,10.017
2az5_cleaned_Creosol_opt_2_uff_E=100.86,-3.9,14.639,13.623
2az5_cleaned_Creosol_opt_3_uff_E=100.86,-5.4,0.0,0.0
2az5_cleaned_Creosol_opt_3_uff_E=100.86,-4.5,12.3,11.145
2az5_cleaned_Creosol_opt_3_uff_E=100.86,-4.2,26.606,25.594
2az5_cleaned_Creosol_opt_3_uff_E=100.86,-4.2,10.381,9.691
2az5_cleaned_Creosol_opt_3_uff_E=100.86,-4.2,10.8,10.214
2az5_cleaned_Creosol_opt_3_uff_E=100.86,-4.0,15.008,14.016
2az5_cleaned_Creosol_opt_3_uff_E=100.86,-4.0,14.78,13.846
2az5_cleaned_Creosol_opt_3_uff_E=100.86,-3.9,12.333,11.159
2az5_cleaned_Creosol_opt_3_uff_E=100.86,-3.9,14.425,13.69
2az5_cleaned_Creosol_opt_4_uff_E=100.86,-5.5,0.0,0.0
2az5_cleaned_Creosol_opt_4_uff_E=100.86,-5.1,4.156,2.565
2az5_cleaned_Creosol_opt_4_uff_E=100.86,-4.5,12.547,11.338
2az5_cleaned_Creosol_opt_4_uff_E=100.86,-4.3,11.459,10.649
2az5_cleaned_Creosol_opt_4_uff_E=100.86,-4.2,26.008,24.884
2az5_cleaned_Creosol_opt_4_uff_E=100.86,-4.2,11.615,10.966
2az5_cleaned_Creosol_opt_4_uff_E=100.86,-4.1,11.34,10.679
2az5_cleaned_Creosol_opt_4_uff_E=100.86,-4.0,11.172,10.38
2az5_cleaned_Creosol_opt_4_uff_E=100.86,-3.9,12.441,10.79
2az5_cleaned_Eugenol_opt_1_uff_E=92.09,-4.6,0.0,0.0
2az5_cleaned_Eugenol_opt_1_uff_E=92.09,-4.6,20.072,18.81
2az5_cleaned_Eugenol_opt_1_uff_E=92.09,-4.4,11.449,10.354
2az5_cleaned_Eugenol_opt_1_uff_E=92.09,-4.3,20.416,18.939
2az5_cleaned_Eugenol_opt_1_uff_E=92.09,-4.3,20.244,18.775
2az5_cleaned_Eugenol_opt_1_uff_E=92.09,-4.2,20.289,18.59
2az5_cleaned_Eugenol_opt_1_uff_E=92.09,-4.2,20.58,18.546
2az5_cleaned_Eugenol_opt_1_uff_E=92.09,-4.2,12.718,10.437
2az5_cleaned_Eugenol_opt_1_uff_E=92.09,-4.1,28.833,26.885
2az5_cleaned_Eugenol_opt_2_uff_E=92.09,-4.8,0.0,0.0
2az5_cleaned_Eugenol_opt_2_uff_E=92.09,-4.7,4.429,2.578
2az5_cleaned_Eugenol_opt_2_uff_E=92.09,-4.6,16.865,14.749
2az5_cleaned_Eugenol_opt_2_uff_E=92.09,-4.5,11.914,10.188
2az5_cleaned_Eugenol_opt_2_uff_E=92.09,-4.4,16.652,14.609
2az5_cleaned_Eugenol_opt_2_uff_E=92.09,-4.2,8.593,6.063
2az5_cleaned_Eugenol_opt_2_uff_E=92.09,-4.2,7.247,5.723
2az5_cleaned_Eugenol_opt_2_uff_E=92.09,-4.2,17.652,16.615
2az5_cleaned_Eugenol_opt_2_uff_E=92.09,-4.2,17.232,16.415
2az5_cleaned_Eugenol_opt_3_uff_E=92.09,-4.8,0.0,0.0
2az5_cleaned_Eugenol_opt_3_uff_E=92.09,-4.7,15.943,13.915
2az5_cleaned_Eugenol_opt_3_uff_E=92.09,-4.6,12.319,11.05
2az5_cleaned_Eugenol_opt_3_uff_E=92.09,-4.5,17.245,15.89
2az5_cleaned_Eugenol_opt_3_uff_E=92.09,-4.4,10.967,9.596
2az5_cleaned_Eugenol_opt_3_uff_E=92.09,-4.4,15.82,13.686
2az5_cleaned_Eugenol_opt_3_uff_E=92.09,-4.3,16.469,15.32
2az5_cleaned_Eugenol_opt_3_uff_E=92.09,-4.2,8.142,6.598
2az5_cleaned_Eugenol_opt_3_uff_E=92.09,-4.2,8.279,5.086
2az5_cleaned_Eugenol_opt_4_uff_E=92.09,-6.0,0.0,0.0
2az5_cleaned_Eugenol_opt_4_uff_E=92.09,-5.2,9.951,8.074
2az5_cleaned_Eugenol_opt_4_uff_E=92.09,-5.0,10.143,7.968
2az5_cleaned_Eugenol_opt_4_uff_E=92.09,-4.8,8.065,5.321
2az5_cleaned_Eugenol_opt_4_uff_E=92.09,-4.7,7.608,5.065
2az5_cleaned_Eugenol_opt_4_uff_E=92.09,-4.6,11.758,10.793
2az5_cleaned_Eugenol_opt_4_uff_E=92.09,-4.6,17.852,16.401
2az5_cleaned_Eugenol_opt_4_uff_E=92.09,-4.4,8.587,6.577
2az5_cleaned_Eugenol_opt_4_uff_E=92.09,-4.3,17.072,15.875
2az5_cleaned_Ferulic_acid_opt_1_uff_E=120.24,-5.2,0.0,0.0
2az5_cleaned_Ferulic_acid_opt_1_uff_E=120.24,-5.0,13.016,11.786
2az5_cleaned_Ferulic_acid_opt_1_uff_E=120.24,-4.9,2.865,1.498
2az5_cleaned_Ferulic_acid_opt_1_uff_E=120.24,-4.9,18.311,17.668
2az5_cleaned_Ferulic_acid_opt_1_uff_E=120.24,-4.9,18.951,18.478
2az5_cleaned_Ferulic_acid_opt_1_uff_E=120.24,-4.8,6.084,1.619
2az5_cleaned_Ferulic_acid_opt_1_uff_E=120.24,-4.7,18.399,17.962
2az5_cleaned_Ferulic_acid_opt_1_uff_E=120.24,-4.7,4.245,3.388
2az5_cleaned_Ferulic_acid_opt_1_uff_E=120.24,-4.5,5.432,2.412
2az5_cleaned_Ferulic_acid_opt_2_uff_E=120.24,-5.3,0.0,0.0
2az5_cleaned_Ferulic_acid_opt_2_uff_E=120.24,-5.0,2.933,1.59
2az5_cleaned_Ferulic_acid_opt_2_uff_E=120.24,-5.0,13.194,11.802
2az5_cleaned_Ferulic_acid_opt_2_uff_E=120.24,-4.9,18.23,17.225
2az5_cleaned_Ferulic_acid_opt_2_uff_E=120.24,-4.9,6.026,1.651
2az5_cleaned_Ferulic_acid_opt_2_uff_E=120.24,-4.9,5.653,1.635
2az5_cleaned_Ferulic_acid_opt_2_uff_E=120.24,-4.7,6.092,1.496
2az5_cleaned_Ferulic_acid_opt_2_uff_E=120.24,-4.6,4.417,3.439
2az5_cleaned_Ferulic_acid_opt_2_uff_E=120.24,-4.5,15.668,14.014
2az5_cleaned_Ferulic_acid_opt_3_uff_E=120.24,-5.3,0.0,0.0
2az5_cleaned_Ferulic_acid_opt_3_uff_E=120.24,-5.0,17.588,16.333
2az5_cleaned_Ferulic_acid_opt_3_uff_E=120.24,-5.0,13.048,11.648
2az5_cleaned_Ferulic_acid_opt_3_uff_E=120.24,-4.8,6.016,1.652
2az5_cleaned_Ferulic_acid_opt_3_uff_E=120.24,-4.8,5.563,1.758
2az5_cleaned_Ferulic_acid_opt_3_uff_E=120.24,-4.8,17.776,17.408
2az5_cleaned_Ferulic_acid_opt_3_uff_E=120.24,-4.8,18.285,17.279
2az5_cleaned_Ferulic_acid_opt_3_uff_E=120.24,-4.8,18.322,17.873
2az5_cleaned_Ferulic_acid_opt_3_uff_E=120.24,-4.8,2.911,1.646
2az5_cleaned_Ferulic_acid_opt_4_uff_E=120.24,-5.4,0.0,0.0
2az5_cleaned_Ferulic_acid_opt_4_uff_E=120.24,-5.3,16.497,15.863
2az5_cleaned_Ferulic_acid_opt_4_uff_E=120.24,-5.3,2.073,1.573
2az5_cleaned_Ferulic_acid_opt_4_uff_E=120.24,-5.0,16.377,15.636
2az5_cleaned_Ferulic_acid_opt_4_uff_E=120.24,-5.0,15.63,12.927
2az5_cleaned_Ferulic_acid_opt_4_uff_E=120.24,-4.9,5.951,3.909
2az5_cleaned_Ferulic_acid_opt_4_uff_E=120.24,-4.9,16.252,15.248
2az5_cleaned_Ferulic_acid_opt_4_uff_E=120.24,-4.8,17.249,15.624
2az5_cleaned_Ferulic_acid_opt_4_uff_E=120.24,-4.7,5.855,4.649
2az5_cleaned_Gallic_acid_opt-2_uff_E=77.99,-5.1,0.0,0.0
2az5_cleaned_Gallic_acid_opt-2_uff_E=77.99,-5.0,16.311,16.16
2az5_cleaned_Gallic_acid_opt-2_uff_E=77.99,-5.0,16.446,16.158
2az5_cleaned_Gallic_acid_opt-2_uff_E=77.99,-4.8,15.999,13.971
2az5_cleaned_Gallic_acid_opt-2_uff_E=77.99,-4.6,16.998,15.919
2az5_cleaned_Gallic_acid_opt-2_uff_E=77.99,-4.6,16.87,15.992
2az5_cleaned_Gallic_acid_opt-2_uff_E=77.99,-4.6,3.047,1.442
2az5_cleaned_Gallic_acid_opt-2_uff_E=77.99,-4.6,2.144,1.533
2az5_cleaned_Gallic_acid_opt-2_uff_E=77.99,-4.6,16.575,16.04
2az5_cleaned_Gallic_acid_opt_1_uff_E=77.99,-6.1,0.0,0.0
2az5_cleaned_Gallic_acid_opt_1_uff_E=77.99,-5.7,3.967,1.175
2az5_cleaned_Gallic_acid_opt_1_uff_E=77.99,-5.1,7.085,5.509
2az5_cleaned_Gallic_acid_opt_1_uff_E=77.99,-4.9,10.675,9.997
2az5_cleaned_Gallic_acid_opt_1_uff_E=77.99,-4.9,10.634,9.973
2az5_cleaned_Gallic_acid_opt_1_uff_E=77.99,-4.7,10.491,10.073
2az5_cleaned_Gallic_acid_opt_1_uff_E=77.99,-4.6,10.58,9.872
2az5_cleaned_Gallic_acid_opt_1_uff_E=77.99,-4.6,10.613,9.853
2az5_cleaned_Gallic_acid_opt_1_uff_E=77.99,-4.6,10.569,10.011
2az5_cleaned_Gallic_acid_opt_3_uff_E=77.99,-5.1,0.0,0.0
2az5_cleaned_Gallic_acid_opt_3_uff_E=77.99,-5.0,16.224,16.076
2az5_cleaned_Gallic_acid_opt_3_uff_E=77.99,-5.0,16.356,16.073
2az5_cleaned_Gallic_acid_opt_3_uff_E=77.99,-4.8,15.864,13.836
2az5_cleaned_Gallic_acid_opt_3_uff_E=77.99,-4.7,16.753,15.74
2az5_cleaned_Gallic_acid_opt_3_uff_E=77.99,-4.7,16.794,15.885
2az5_cleaned_Gallic_acid_opt_3_uff_E=77.99,-4.6,16.86,15.86
2az5_cleaned_Gallic_acid_opt_3_uff_E=77.99,-4.6,2.384,1.456
2az5_cleaned_Gallic_acid_opt_3_uff_E=77.99,-4.6,3.947,1.315
2az5_cleaned_Gallic_acid_opt_4_uff_E=77.99,-6.1,0.0,0.0
2az5_cleaned_Gallic_acid_opt_4_uff_E=77.99,-5.8,10.337,8.657
2az5_cleaned_Gallic_acid_opt_4_uff_E=77.99,-5.7,4.488,1.183
2az5_cleaned_Gallic_acid_opt_4_uff_E=77.99,-5.0,10.911,10.24
2az5_cleaned_Gallic_acid_opt_4_uff_E=77.99,-5.0,10.905,10.242
2az5_cleaned_Gallic_acid_opt_4_uff_E=77.99,-4.8,10.644,10.019
2az5_cleaned_Gallic_acid_opt_4_uff_E=77.99,-4.8,13.078,11.321
2az5_cleaned_Gallic_acid_opt_4_uff_E=77.99,-4.7,12.658,11.472
2az5_cleaned_Gallic_acid_opt_4_uff_E=77.99,-4.6,10.526,9.874
2az5_cleaned_Genkwanin_opt_1_uff_E=254.05,-6.8,0.0,0.0
2az5_cleaned_Genkwanin_opt_1_uff_E=254.05,-6.0,20.068,18.813
2az5_cleaned_Genkwanin_opt_1_uff_E=254.05,-6.0,7.403,1.957
2az5_cleaned_Genkwanin_opt_1_uff_E=254.05,-5.9,19.996,18.488
2az5_cleaned_Genkwanin_opt_1_uff_E=254.05,-5.7,22.555,21.084
2az5_cleaned_Genkwanin_opt_1_uff_E=254.05,-5.7,19.811,19.186
2az5_cleaned_Genkwanin_opt_1_uff_E=254.05,-5.6,19.417,17.112
2az5_cleaned_Genkwanin_opt_1_uff_E=254.05,-5.6,7.653,2.858
2az5_cleaned_Genkwanin_opt_1_uff_E=254.05,-5.6,19.549,16.804
2az5_cleaned_Genkwanin_opt_2_uff_E=254.05,-6.8,0.0,0.0
2az5_cleaned_Genkwanin_opt_2_uff_E=254.05,-6.3,6.764,1.502
2az5_cleaned_Genkwanin_opt_2_uff_E=254.05,-6.1,20.017,18.847
2az5_cleaned_Genkwanin_opt_2_uff_E=254.05,-6.0,7.413,1.949
2az5_cleaned_Genkwanin_opt_2_uff_E=254.05,-5.9,20.009,18.661
2az5_cleaned_Genkwanin_opt_2_uff_E=254.05,-5.7,19.303,17.114
2az5_cleaned_Genkwanin_opt_2_uff_E=254.05,-5.7,19.8,17.258
2az5_cleaned_Genkwanin_opt_2_uff_E=254.05,-5.6,7.48,2.664
2az5_cleaned_Genkwanin_opt_2_uff_E=254.05,-5.6,19.78,17.508
2az5_cleaned_Genkwanin_opt_3_uff_E=254.05,-6.8,0.0,0.0
2az5_cleaned_Genkwanin_opt_3_uff_E=254.05,-6.0,20.084,18.808
2az5_cleaned_Genkwanin_opt_3_uff_E=254.05,-6.0,7.414,1.936
2az5_cleaned_Genkwanin_opt_3_uff_E=254.05,-5.9,20.8,18.5
2az5_cleaned_Genkwanin_opt_3_uff_E=254.05,-5.9,20.045,18.482
2az5_cleaned_Genkwanin_opt_3_uff_E=254.05,-5.8,22.577,21.099
2az5_cleaned_Genkwanin_opt_3_uff_E=254.05,-5.7,7.751,2.042
2az5_cleaned_Genkwanin_opt_3_uff_E=254.05,-5.7,19.821,19.215
2az5_cleaned_Genkwanin_opt_3_uff_E=254.05,-5.6,7.672,2.865
2az5_cleaned_Genkwanin_opt_4_uff_E=254.05,-6.8,0.0,0.0
2az5_cleaned_Genkwanin_opt_4_uff_E=254.05,-6.1,6.82,1.662
2az5_cleaned_Genkwanin_opt_4_uff_E=254.05,-6.0,20.064,18.807
2az5_cleaned_Genkwanin_opt_4_uff_E=254.05,-6.0,7.396,1.951
2az5_cleaned_Genkwanin_opt_4_uff_E=254.05,-6.0,20.026,19.027
2az5_cleaned_Genkwanin_opt_4_uff_E=254.05,-5.8,19.23,16.991
2az5_cleaned_Genkwanin_opt_4_uff_E=254.05,-5.8,22.529,21.068
2az5_cleaned_Genkwanin_opt_4_uff_E=254.05,-5.7,7.449,2.629
2az5_cleaned_Genkwanin_opt_4_uff_E=254.05,-5.6,19.838,19.277
2az5_cleaned_Gentisic_acid_opt_1_uff_E=98.73,-5.1,0.0,0.0
2az5_cleaned_Gentisic_acid_opt_1_uff_E=98.73,-4.9,4.664,1.921
2az5_cleaned_Gentisic_acid_opt_1_uff_E=98.73,-4.8,15.953,15.295
2az5_cleaned_Gentisic_acid_opt_1_uff_E=98.73,-4.8,14.938,13.368
2az5_cleaned_Gentisic_acid_opt_1_uff_E=98.73,-4.7,11.266,10.381
2az5_cleaned_Gentisic_acid_opt_1_uff_E=98.73,-4.6,16.577,14.593
2az5_cleaned_Gentisic_acid_opt_1_uff_E=98.73,-4.6,34.997,33.744
2az5_cleaned_Gentisic_acid_opt_1_uff_E=98.73,-4.6,14.894,13.672
2az5_cleaned_Gentisic_acid_opt_1_uff_E=98.73,-4.6,3.627,1.92
2az5_cleaned_Gentisic_acid_opt_2_uff_E=98.73,-5.1,0.0,0.0
2az5_cleaned_Gentisic_acid_opt_2_uff_E=98.73,-4.9,2.063,1.71
2az5_cleaned_Gentisic_acid_opt_2_uff_E=98.73,-4.9,4.661,1.921
2az5_cleaned_Gentisic_acid_opt_2_uff_E=98.73,-4.9,15.727,15.071
2az5_cleaned_Gentisic_acid_opt_2_uff_E=98.73,-4.8,15.959,15.302
2az5_cleaned_Gentisic_acid_opt_2_uff_E=98.73,-4.8,2.756,1.198
2az5_cleaned_Gentisic_acid_opt_2_uff_E=98.73,-4.8,14.97,13.396
2az5_cleaned_Gentisic_acid_opt_2_uff_E=98.73,-4.7,11.251,10.361
2az5_cleaned_Gentisic_acid_opt_2_uff_E=98.73,-4.6,15.676,15.163
2az5_cleaned_Gentisic_acid_opt_3_uff_E=98.73,-6.1,0.0,0.0
2az5_cleaned_Gentisic_acid_opt_3_uff_E=98.73,-5.7,4.185,1.499
2az5_cleaned_Gentisic_acid_opt_3_uff_E=98.73,-5.7,2.513,1.512
2az5_cleaned_Gentisic_acid_opt_3_uff_E=98.73,-5.2,4.072,1.312
2az5_cleaned_Gentisic_acid_opt_3_uff_E=98.73,-5.1,10.102,9.502
2az5_cleaned_Gentisic_acid_opt_3_uff_E=98.73,-4.9,10.271,9.679
2az5_cleaned_Gentisic_acid_opt_3_uff_E=98.73,-4.8,10.425,9.602
2az5_cleaned_Gentisic_acid_opt_3_uff_E=98.73,-4.7,10.037,9.381
2az5_cleaned_Gentisic_acid_opt_3_uff_E=98.73,-4.7,7.23,5.667
2az5_cleaned_Gentisic_acid_opt_4_uff_E=98.73,-6.7,0.0,0.0
2az5_cleaned_Gentisic_acid_opt_4_uff_E=98.73,-5.5,2.964,1.786
2az5_cleaned_Gentisic_acid_opt_4_uff_E=98.73,-5.2,17.324,16.392
2az5_cleaned_Gentisic_acid_opt_4_uff_E=98.73,-5.0,17.46,16.599
2az5_cleaned_Gentisic_acid_opt_4_uff_E=98.73,-4.9,18.506,17.335
2az5_cleaned_Gentisic_acid_opt_4_uff_E=98.73,-4.8,17.743,16.843
2az5_cleaned_Gentisic_acid_opt_4_uff_E=98.73,-4.8,19.247,18.296
2az5_cleaned_Gentisic_acid_opt_4_uff_E=98.73,-4.7,18.448,17.307
2az5_cleaned_Gentisic_acid_opt_4_uff_E=98.73,-4.7,11.028,9.984
2az5_cleaned_Geranic_acid_opt_1_uff_E=94.98,-5.3,0.0,0.0
2az5_cleaned_Geranic_acid_opt_1_uff_E=94.98,-5.3,2.501,1.994
2az5_cleaned_Geranic_acid_opt_1_uff_E=94.98,-5.1,5.614,3.149
2az5_cleaned_Geranic_acid_opt_1_uff_E=94.98,-5.0,1.988,1.127
2az5_cleaned_Geranic_acid_opt_1_uff_E=94.98,-4.8,13.357,12.29
2az5_cleaned_Geranic_acid_opt_1_uff_E=94.98,-4.5,10.902,10.155
2az5_cleaned_Geranic_acid_opt_1_uff_E=94.98,-4.3,11.685,10.869
2az5_cleaned_Geranic_acid_opt_1_uff_E=94.98,-4.3,11.762,10.751
2az5_cleaned_Geranic_acid_opt_1_uff_E=94.98,-4.3,18.695,15.817
2az5_cleaned_Geranic_acid_opt_2_uff_E=94.98,-4.7,0.0,0.0
2az5_cleaned_Geranic_acid_opt_2_uff_E=94.98,-4.4,13.625,12.865
2az5_cleaned_Geranic_acid_opt_2_uff_E=94.98,-4.3,18.868,18.079
2az5_cleaned_Geranic_acid_opt_2_uff_E=94.98,-4.2,4.141,2.25
2az5_cleaned_Geranic_acid_opt_2_uff_E=94.98,-4.1,15.791,13.996
2az5_cleaned_Geranic_acid_opt_2_uff_E=94.98,-4.1,15.591,14.342
2az5_cleaned_Geranic_acid_opt_2_uff_E=94.98,-4.1,20.529,19.62
2az5_cleaned_Geranic_acid_opt_2_uff_E=94.98,-4.0,15.694,13.929
2az5_cleaned_Geranic_acid_opt_2_uff_E=94.98,-3.9,18.484,15.784
2az5_cleaned_Geranic_acid_opt_3_uff_E=94.98,-4.4,0.0,0.0
2az5_cleaned_Geranic_acid_opt_3_uff_E=94.98,-4.2,4.291,2.229
2az5_cleaned_Geranic_acid_opt_3_uff_E=94.98,-4.1,2.904,1.955
2az5_cleaned_Geranic_acid_opt_3_uff_E=94.98,-4.0,14.379,11.821
2az5_cleaned_Geranic_acid_opt_3_uff_E=94.98,-4.0,16.389,14.664
2az5_cleaned_Geranic_acid_opt_3_uff_E=94.98,-4.0,4.783,2.846
2az5_cleaned_Geranic_acid_opt_3_uff_E=94.98,-3.9,14.798,13.166
2az5_cleaned_Geranic_acid_opt_3_uff_E=94.98,-3.9,13.841,12.271
2az5_cleaned_Geranic_acid_opt_3_uff_E=94.98,-3.8,15.345,14.076
2az5_cleaned_Geranic_acid_opt_4_uff_E=94.98,-5.2,0.0,0.0
2az5_cleaned_Geranic_acid_opt_4_uff_E=94.98,-4.8,12.68,11.463
2az5_cleaned_Geranic_acid_opt_4_uff_E=94.98,-4.7,7.064,5.062
2az5_cleaned_Geranic_acid_opt_4_uff_E=94.98,-4.5,13.082,10.675
2az5_cleaned_Geranic_acid_opt_4_uff_E=94.98,-4.4,10.882,9.662
2az5_cleaned_Geranic_acid_opt_4_uff_E=94.98,-4.3,12.118,10.468
2az5_cleaned_Geranic_acid_opt_4_uff_E=94.98,-4.3,7.869,5.27
2az5_cleaned_Geranic_acid_opt_4_uff_E=94.98,-4.3,12.542,11.311
2az5_cleaned_Geranic_acid_opt_4_uff_E=94.98,-4.3,12.285,10.952
2az5_cleaned_Hydroxychloroquine_opt_1_uff_E=294.68,-5.7,0.0,0.0
2az5_cleaned_Hydroxychloroquine_opt_1_uff_E=294.68,-5.7,5.555,3.888
2az5_cleaned_Hydroxychloroquine_opt_1_uff_E=294.68,-5.6,5.076,3.583
2az5_cleaned_Hydroxychloroquine_opt_1_uff_E=294.68,-5.6,2.031,1.483
2az5_cleaned_Hydroxychloroquine_opt_1_uff_E=294.68,-5.5,8.013,4.816
2az5_cleaned_Hydroxychloroquine_opt_1_uff_E=294.68,-5.4,20.047,18.384
2az5_cleaned_Hydroxychloroquine_opt_1_uff_E=294.68,-5.4,8.164,3.514
2az5_cleaned_Hydroxychloroquine_opt_1_uff_E=294.68,-5.4,9.213,3.745
2az5_cleaned_Hydroxychloroquine_opt_1_uff_E=294.68,-5.3,5.881,3.332
2az5_cleaned_Hydroxychloroquine_opt_2_uff_E=294.68,-5.7,0.0,0.0
2az5_cleaned_Hydroxychloroquine_opt_2_uff_E=294.68,-5.5,4.801,3.359
2az5_cleaned_Hydroxychloroquine_opt_2_uff_E=294.68,-5.4,2.259,1.409
2az5_cleaned_Hydroxychloroquine_opt_2_uff_E=294.68,-5.3,3.959,2.678
2az5_cleaned_Hydroxychloroquine_opt_2_uff_E=294.68,-5.2,7.462,2.934
2az5_cleaned_Hydroxychloroquine_opt_2_uff_E=294.68,-5.2,21.147,18.772
2az5_cleaned_Hydroxychloroquine_opt_2_uff_E=294.68,-5.1,8.064,3.416
2az5_cleaned_Hydroxychloroquine_opt_2_uff_E=294.68,-5.0,5.52,3.404
2az5_cleaned_Hydroxychloroquine_opt_2_uff_E=294.68,-5.0,20.493,18.866
2az5_cleaned_Hydroxychloroquine_opt_3_uff_E=294.68,-5.6,0.0,0.0
2az5_cleaned_Hydroxychloroquine_opt_3_uff_E=294.68,-5.5,20.675,19.15
2az5_cleaned_Hydroxychloroquine_opt_3_uff_E=294.68,-5.4,22.194,19.588
2az5_cleaned_Hydroxychloroquine_opt_3_uff_E=294.68,-5.3,4.288,2.244
2az5_cleaned_Hydroxychloroquine_opt_3_uff_E=294.68,-5.3,3.424,2.145
2az5_cleaned_Hydroxychloroquine_opt_3_uff_E=294.68,-5.2,19.933,18.85
2az5_cleaned_Hydroxychloroquine_opt_3_uff_E=294.68,-5.2,5.94,3.334
2az5_cleaned_Hydroxychloroquine_opt_3_uff_E=294.68,-5.0,4.478,3.277
2az5_cleaned_Hydroxychloroquine_opt_3_uff_E=294.68,-4.9,4.934,2.615
2az5_cleaned_Hydroxychloroquine_opt_4_uff_E=294.68,-5.8,0.0,0.0
2az5_cleaned_Hydroxychloroquine_opt_4_uff_E=294.68,-5.6,3.052,2.174
2az5_cleaned_Hydroxychloroquine_opt_4_uff_E=294.68,-5.5,2.953,1.978
2az5_cleaned_Hydroxychloroquine_opt_4_uff_E=294.68,-5.3,3.521,2.283
2az5_cleaned_Hydroxychloroquine_opt_4_uff_E=294.68,-5.3,8.134,4.033
2az5_cleaned_Hydroxychloroquine_opt_4_uff_E=294.68,-5.2,4.269,2.767
2az5_cleaned_Hydroxychloroquine_opt_4_uff_E=294.68,-5.1,5.236,3.779
2az5_cleaned_Hydroxychloroquine_opt_4_uff_E=294.68,-5.1,6.711,3.988
2az5_cleaned_Hydroxychloroquine_opt_4_uff_E=294.68,-5.1,4.914,3.081
2az5_cleaned_Leflunomide_opt_1_uff_E=385.90,-6.0,0.0,0.0
2az5_cleaned_Leflunomide_opt_1_uff_E=385.90,-5.9,4.521,3.476
2az5_cleaned_Leflunomide_opt_1_uff_E=385.90,-5.9,22.726,21.695
2az5_cleaned_Leflunomide_opt_1_uff_E=385.90,-5.7,7.965,5.445
2az5_cleaned_Leflunomide_opt_1_uff_E=385.90,-5.7,4.838,4.09
2az5_cleaned_Leflunomide_opt_1_uff_E=385.90,-5.6,23.926,22.9
2az5_cleaned_Leflunomide_opt_1_uff_E=385.90,-5.6,23.902,22.727
2az5_cleaned_Leflunomide_opt_1_uff_E=385.90,-5.6,23.512,22.022
2az5_cleaned_Leflunomide_opt_1_uff_E=385.90,-5.5,21.467,20.756
2az5_cleaned_Leflunomide_opt_2_uff_E=385.90,-5.9,0.0,0.0
2az5_cleaned_Leflunomide_opt_2_uff_E=385.90,-5.8,22.73,21.684
2az5_cleaned_Leflunomide_opt_2_uff_E=385.90,-5.7,3.938,2.96
2az5_cleaned_Leflunomide_opt_2_uff_E=385.90,-5.6,4.732,4.058
2az5_cleaned_Leflunomide_opt_2_uff_E=385.90,-5.5,23.457,21.999
2az5_cleaned_Leflunomide_opt_2_uff_E=385.90,-5.5,23.922,22.794
2az5_cleaned_Leflunomide_opt_2_uff_E=385.90,-5.4,4.618,3.925
2az5_cleaned_Leflunomide_opt_2_uff_E=385.90,-5.3,23.7,22.729
2az5_cleaned_Leflunomide_opt_2_uff_E=385.90,-5.3,23.416,22.475
2az5_cleaned_Leflunomide_opt_3_uff_E=385.90,-5.9,0.0,0.0
2az5_cleaned_Leflunomide_opt_3_uff_E=385.90,-5.8,20.32,19.25
2az5_cleaned_Leflunomide_opt_3_uff_E=385.90,-5.6,1.86,1.275
2az5_cleaned_Leflunomide_opt_3_uff_E=385.90,-5.5,20.76,19.815
2az5_cleaned_Leflunomide_opt_3_uff_E=385.90,-5.5,4.668,3.796
2az5_cleaned_Leflunomide_opt_3_uff_E=385.90,-5.5,21.045,19.36
2az5_cleaned_Leflunomide_opt_3_uff_E=385.90,-5.4,2.371,1.718
2az5_cleaned_Leflunomide_opt_3_uff_E=385.90,-5.3,14.432,12.827
2az5_cleaned_Leflunomide_opt_3_uff_E=385.90,-5.2,21.55,20.283
2az5_cleaned_Leflunomide_opt_4_uff_E=385.90,-6.0,0.0,0.0
2az5_cleaned_Leflunomide_opt_4_uff_E=385.90,-5.7,23.088,21.926
2az5_cleaned_Leflunomide_opt_4_uff_E=385.90,-5.7,20.482,19.327
2az5_cleaned_Leflunomide_opt_4_uff_E=385.90,-5.7,2.782,2.231
2az5_cleaned_Leflunomide_opt_4_uff_E=385.90,-5.6,19.221,18.147
2az5_cleaned_Leflunomide_opt_4_uff_E=385.90,-5.6,5.839,4.726
2az5_cleaned_Leflunomide_opt_4_uff_E=385.90,-5.6,16.281,13.474
2az5_cleaned_Leflunomide_opt_4_uff_E=385.90,-5.6,6.598,5.36
2az5_cleaned_Leflunomide_opt_4_uff_E=385.90,-5.5,22.482,21.675
2az5_cleaned_Limonene_opt_1_uff_E=104.82,-4.4,0.0,0.0
2az5_cleaned_Limonene_opt_1_uff_E=104.82,-4.3,16.454,15.013
2az5_cleaned_Limonene_opt_1_uff_E=104.82,-4.3,11.833,10.768
2az5_cleaned_Limonene_opt_1_uff_E=104.82,-4.3,5.066,2.495
2az5_cleaned_Limonene_opt_1_uff_E=104.82,-4.3,4.526,2.182
2az5_cleaned_Limonene_opt_1_uff_E=104.82,-4.2,4.614,2.153
2az5_cleaned_Limonene_opt_1_uff_E=104.82,-4.2,2.038,0.742
2az5_cleaned_Limonene_opt_1_uff_E=104.82,-4.1,11.677,10.088
2az5_cleaned_Limonene_opt_1_uff_E=104.82,-4.0,16.704,15.175
2az5_cleaned_Limonene_opt_2_uff_E=104.82,-4.4,0.0,0.0
2az5_cleaned_Limonene_opt_2_uff_E=104.82,-4.3,16.48,15.012
2az5_cleaned_Limonene_opt_2_uff_E=104.82,-4.3,5.066,2.433
2az5_cleaned_Limonene_opt_2_uff_E=104.82,-4.3,4.486,2.229
2az5_cleaned_Limonene_opt_2_uff_E=104.82,-4.2,4.637,2.136
2az5_cleaned_Limonene_opt_2_uff_E=104.82,-4.2,3.827,2.027
2az5_cleaned_Limonene_opt_2_uff_E=104.82,-4.1,11.807,10.214
2az5_cleaned_Limonene_opt_2_uff_E=104.82,-4.0,16.744,15.131
2az5_cleaned_Limonene_opt_2_uff_E=104.82,-4.0,15.507,13.2
2az5_cleaned_Limonene_opt_3_uff_E=104.82,-4.4,0.0,0.0
2az5_cleaned_Limonene_opt_3_uff_E=104.82,-4.4,16.515,15.04
2az5_cleaned_Limonene_opt_3_uff_E=104.82,-4.3,15.685,14.518
2az5_cleaned_Limonene_opt_3_uff_E=104.82,-4.3,15.487,14.364
2az5_cleaned_Limonene_opt_3_uff_E=104.82,-4.0,22.093,21.37
2az5_cleaned_Limonene_opt_3_uff_E=104.82,-4.0,24.966,24.052
2az5_cleaned_Limonene_opt_3_uff_E=104.82,-4.0,20.695,19.804
2az5_cleaned_Limonene_opt_3_uff_E=104.82,-4.0,16.277,14.57
2az5_cleaned_Limonene_opt_3_uff_E=104.82,-3.9,12.765,10.264
2az5_cleaned_Limonene_opt_4_uff_E=104.82,-4.4,0.0,0.0
2az5_cleaned_Limonene_opt_4_uff_E=104.82,-4.3,16.642,15.144
2az5_cleaned_Limonene_opt_4_uff_E=104.82,-4.3,4.503,2.29
2az5_cleaned_Limonene_opt_4_uff_E=104.82,-4.3,4.732,2.151
2az5_cleaned_Limonene_opt_4_uff_E=104.82,-4.3,5.018,2.62
2az5_cleaned_Limonene_opt_4_uff_E=104.82,-4.2,3.918,2.103
2az5_cleaned_Limonene_opt_4_uff_E=104.82,-4.0,13.445,11.766
2az5_cleaned_Limonene_opt_4_uff_E=104.82,-3.9,4.522,2.598
2az5_cleaned_Limonene_opt_4_uff_E=104.82,-3.9,21.367,18.948
2az5_cleaned_Linalool_opt_1_uff_E=105.63,-3.8,0.0,0.0
2az5_cleaned_Linalool_opt_1_uff_E=105.63,-3.8,3.082,1.601
2az5_cleaned_Linalool_opt_1_uff_E=105.63,-3.7,12.101,10.695
2az5_cleaned_Linalool_opt_1_uff_E=105.63,-3.7,13.638,11.384
2az5_cleaned_Linalool_opt_1_uff_E=105.63,-3.5,4.905,2.606
2az5_cleaned_Linalool_opt_1_uff_E=105.63,-3.5,25.079,24.372
2az5_cleaned_Linalool_opt_1_uff_E=105.63,-3.5,2.068,1.34
2az5_cleaned_Linalool_opt_1_uff_E=105.63,-3.5,20.638,19.091
2az5_cleaned_Linalool_opt_1_uff_E=105.63,-3.5,21.282,19.675
2az5_cleaned_Linalool_opt_2_uff_E=105.63,-4.6,0.0,0.0
2az5_cleaned_Linalool_opt_2_uff_E=105.63,-4.3,16.645,14.789
2az5_cleaned_Linalool_opt_2_uff_E=105.63,-4.2,9.717,8.022
2az5_cleaned_Linalool_opt_2_uff_E=105.63,-4.2,15.71,14.762
2az5_cleaned_Linalool_opt_2_uff_E=105.63,-4.0,17.774,16.25
2az5_cleaned_Linalool_opt_2_uff_E=105.63,-4.0,17.36,15.763
2az5_cleaned_Linalool_opt_2_uff_E=105.63,-3.9,10.723,8.92
2az5_cleaned_Linalool_opt_2_uff_E=105.63,-3.9,17.589,16.32
2az5_cleaned_Linalool_opt_2_uff_E=105.63,-3.9,17.358,15.553
2az5_cleaned_Linalool_opt_3_uff_E=105.63,-3.8,0.0,0.0
2az5_cleaned_Linalool_opt_3_uff_E=105.63,-3.8,13.62,12.2
2az5_cleaned_Linalool_opt_3_uff_E=105.63,-3.7,14.508,13.123
2az5_cleaned_Linalool_opt_3_uff_E=105.63,-3.7,4.611,1.932
2az5_cleaned_Linalool_opt_3_uff_E=105.63,-3.6,10.871,9.376
2az5_cleaned_Linalool_opt_3_uff_E=105.63,-3.6,4.342,2.243
2az5_cleaned_Linalool_opt_3_uff_E=105.63,-3.6,19.894,18.406
2az5_cleaned_Linalool_opt_3_uff_E=105.63,-3.6,21.017,20.183
2az5_cleaned_Linalool_opt_3_uff_E=105.63,-3.6,13.529,11.676
2az5_cleaned_Linalool_opt_4_uff_E=105.63,-3.8,0.0,0.0
2az5_cleaned_Linalool_opt_4_uff_E=105.63,-3.8,3.286,1.77
2az5_cleaned_Linalool_opt_4_uff_E=105.63,-3.8,21.019,19.484
2az5_cleaned_Linalool_opt_4_uff_E=105.63,-3.7,12.7,11.556
2az5_cleaned_Linalool_opt_4_uff_E=105.63,-3.6,25.855,24.399
2az5_cleaned_Linalool_opt_4_uff_E=105.63,-3.6,4.288,2.827
2az5_cleaned_Linalool_opt_4_uff_E=105.63,-3.5,15.602,13.592
2az5_cleaned_Linalool_opt_4_uff_E=105.63,-3.5,4.719,2.272
2az5_cleaned_Linalool_opt_4_uff_E=105.63,-3.5,4.733,1.898
2az5_cleaned_Loliolide_opt_1_uff_E=282.52,-5.1,0.0,0.0
2az5_cleaned_Loliolide_opt_1_uff_E=282.52,-4.8,16.532,14.587
2az5_cleaned_Loliolide_opt_1_uff_E=282.52,-4.8,12.295,10.967
2az5_cleaned_Loliolide_opt_1_uff_E=282.52,-4.7,2.96,1.56
2az5_cleaned_Loliolide_opt_1_uff_E=282.52,-4.7,12.52,10.745
2az5_cleaned_Loliolide_opt_1_uff_E=282.52,-4.6,3.368,1.836
2az5_cleaned_Loliolide_opt_1_uff_E=282.52,-4.5,4.377,1.619
2az5_cleaned_Loliolide_opt_1_uff_E=282.52,-4.4,4.223,2.091
2az5_cleaned_Loliolide_opt_1_uff_E=282.52,-4.4,3.647,2.414
2az5_cleaned_Loliolide_opt_2_uff_E=282.52,-5.1,0.0,0.0
2az5_cleaned_Loliolide_opt_2_uff_E=282.52,-4.9,13.199,11.66
2az5_cleaned_Loliolide_opt_2_uff_E=282.52,-4.8,16.541,14.596
2az5_cleaned_Loliolide_opt_2_uff_E=282.52,-4.7,2.96,1.56
2az5_cleaned_Loliolide_opt_2_uff_E=282.52,-4.6,3.375,1.842
2az5_cleaned_Loliolide_opt_2_uff_E=282.52,-4.5,16.739,15.119
2az5_cleaned_Loliolide_opt_2_uff_E=282.52,-4.5,16.572,14.672
2az5_cleaned_Loliolide_opt_2_uff_E=282.52,-4.4,12.23,11.157
2az5_cleaned_Loliolide_opt_2_uff_E=282.52,-4.4,17.511,15.48
2az5_cleaned_Loliolide_opt_3_uff_E=282.52,-5.1,0.0,0.0
2az5_cleaned_Loliolide_opt_3_uff_E=282.52,-4.9,13.184,11.652
2az5_cleaned_Loliolide_opt_3_uff_E=282.52,-4.8,16.569,14.625
2az5_cleaned_Loliolide_opt_3_uff_E=282.52,-4.7,2.96,1.56
2az5_cleaned_Loliolide_opt_3_uff_E=282.52,-4.6,3.368,1.835
2az5_cleaned_Loliolide_opt_3_uff_E=282.52,-4.6,12.304,10.393
2az5_cleaned_Loliolide_opt_3_uff_E=282.52,-4.5,4.36,1.604
2az5_cleaned_Loliolide_opt_3_uff_E=282.52,-4.4,17.304,15.1
2az5_cleaned_Loliolide_opt_3_uff_E=282.52,-4.4,16.861,14.972
2az5_cleaned_Loliolide_opt_4_uff_E=282.52,-5.1,0.0,0.0
2az5_cleaned_Loliolide_opt_4_uff_E=282.52,-4.9,13.169,11.632
2az5_cleaned_Loliolide_opt_4_uff_E=282.52,-4.8,16.514,14.568
2az5_cleaned_Loliolide_opt_4_uff_E=282.52,-4.8,12.294,10.967
2az5_cleaned_Loliolide_opt_4_uff_E=282.52,-4.6,11.935,10.208
2az5_cleaned_Loliolide_opt_4_uff_E=282.52,-4.6,3.374,1.841
2az5_cleaned_Loliolide_opt_4_uff_E=282.52,-4.5,17.539,15.179
2az5_cleaned_Loliolide_opt_4_uff_E=282.52,-4.5,16.65,14.746
2az5_cleaned_Loliolide_opt_4_uff_E=282.52,-4.5,17.284,15.09
2az5_cleaned_Methotrexate_opt_1_uff_E=365.53,-6.8,0.0,0.0
2az5_cleaned_Methotrexate_opt_1_uff_E=365.53,-6.6,20.522,15.75
2az5_cleaned_Methotrexate_opt_1_uff_E=365.53,-6.5,12.402,8.954
2az5_cleaned_Methotrexate_opt_1_uff_E=365.53,-6.4,2.429,1.555
2az5_cleaned_Methotrexate_opt_1_uff_E=365.53,-6.4,19.511,16.832
2az5_cleaned_Methotrexate_opt_1_uff_E=365.53,-6.1,20.549,16.08
2az5_cleaned_Methotrexate_opt_1_uff_E=365.53,-6.1,20.894,16.958
2az5_cleaned_Methotrexate_opt_1_uff_E=365.53,-6.1,18.932,16.951
2az5_cleaned_Methotrexate_opt_1_uff_E=365.53,-6.1,21.168,17.517
2az5_cleaned_Methotrexate_opt_2_uff_E=365.53,-6.7,0.0,0.0
2az5_cleaned_Methotrexate_opt_2_uff_E=365.53,-6.7,19.1,16.317
2az5_cleaned_Methotrexate_opt_2_uff_E=365.53,-6.6,2.758,1.249
2az5_cleaned_Methotrexate_opt_2_uff_E=365.53,-6.4,2.22,1.568
2az5_cleaned_Methotrexate_opt_2_uff_E=365.53,-6.3,3.32,2.107
2az5_cleaned_Methotrexate_opt_2_uff_E=365.53,-6.2,3.683,2.656
2az5_cleaned_Methotrexate_opt_2_uff_E=365.53,-6.2,18.992,15.32
2az5_cleaned_Methotrexate_opt_2_uff_E=365.53,-6.2,13.684,9.563
2az5_cleaned_Methotrexate_opt_2_uff_E=365.53,-6.1,21.119,15.957
2az5_cleaned_Methotrexate_opt_3_uff_E=365.53,-7.1,0.0,0.0
2az5_cleaned_Methotrexate_opt_3_uff_E=365.53,-6.9,3.258,1.616
2az5_cleaned_Methotrexate_opt_3_uff_E=365.53,-6.7,22.416,19.451
2az5_cleaned_Methotrexate_opt_3_uff_E=365.53,-6.5,9.677,4.488
2az5_cleaned_Methotrexate_opt_3_uff_E=365.53,-6.5,2.733,1.708
2az5_cleaned_Methotrexate_opt_3_uff_E=365.53,-6.4,1.706,1.274
2az5_cleaned_Methotrexate_opt_3_uff_E=365.53,-6.4,2.292,1.675
2az5_cleaned_Methotrexate_opt_3_uff_E=365.53,-6.3,10.171,4.637
2az5_cleaned_Methotrexate_opt_3_uff_E=365.53,-6.3,26.0,20.796
2az5_cleaned_Methotrexate_opt_4_uff_E=365.53,-6.7,0.0,0.0
2az5_cleaned_Methotrexate_opt_4_uff_E=365.53,-6.6,11.168,5.876
2az5_cleaned_Methotrexate_opt_4_uff_E=365.53,-6.6,10.069,4.807
2az5_cleaned_Methotrexate_opt_4_uff_E=365.53,-6.5,18.55,14.556
2az5_cleaned_Methotrexate_opt_4_uff_E=365.53,-6.5,2.494,1.433
2az5_cleaned_Methotrexate_opt_4_uff_E=365.53,-6.3,10.063,4.566
2az5_cleaned_Methotrexate_opt_4_uff_E=365.53,-6.3,21.088,15.578
2az5_cleaned_Methotrexate_opt_4_uff_E=365.53,-6.2,18.628,14.363
2az5_cleaned_Methotrexate_opt_4_uff_E=365.53,-6.1,10.064,4.865
2az5_cleaned_Oleanolic_acid_opt_1_uff_E=689.32,-6.7,0.0,0.0
2az5_cleaned_Oleanolic_acid_opt_1_uff_E=689.32,-6.6,8.42,1.766
2az5_cleaned_Oleanolic_acid_opt_1_uff_E=689.32,-6.4,23.903,20.7
2az5_cleaned_Oleanolic_acid_opt_1_uff_E=689.32,-6.4,22.548,20.415
2az5_cleaned_Oleanolic_acid_opt_1_uff_E=689.32,-6.3,9.049,2.269
2az5_cleaned_Oleanolic_acid_opt_1_uff_E=689.32,-6.2,4.507,2.514
2az5_cleaned_Oleanolic_acid_opt_1_uff_E=689.32,-6.2,23.195,20.329
2az5_cleaned_Oleanolic_acid_opt_1_uff_E=689.32,-6.2,2.37,1.867
2az5_cleaned_Oleanolic_acid_opt_1_uff_E=689.32,-6.2,9.277,2.449
2az5_cleaned_Oleanolic_acid_opt_2_uff_E=689.32,-6.7,0.0,0.0
2az5_cleaned_Oleanolic_acid_opt_2_uff_E=689.32,-6.7,8.422,1.764
2az5_cleaned_Oleanolic_acid_opt_2_uff_E=689.32,-6.4,22.544,20.415
2az5_cleaned_Oleanolic_acid_opt_2_uff_E=689.32,-6.3,4.519,2.501
2az5_cleaned_Oleanolic_acid_opt_2_uff_E=689.32,-6.2,9.272,2.445
2az5_cleaned_Oleanolic_acid_opt_2_uff_E=689.32,-6.2,8.145,2.21
2az5_cleaned_Oleanolic_acid_opt_2_uff_E=689.32,-6.2,23.924,21.43
2az5_cleaned_Oleanolic_acid_opt_2_uff_E=689.32,-6.2,5.876,4.216
2az5_cleaned_Oleanolic_acid_opt_2_uff_E=689.32,-6.1,24.601,21.888
2az5_cleaned_Oleanolic_acid_opt_3_uff_E=689.32,-6.7,0.0,0.0
2az5_cleaned_Oleanolic_acid_opt_3_uff_E=689.32,-6.6,8.409,1.759
2az5_cleaned_Oleanolic_acid_opt_3_uff_E=689.32,-6.4,23.882,20.688
2az5_cleaned_Oleanolic_acid_opt_3_uff_E=689.32,-6.4,22.56,20.441
2az5_cleaned_Oleanolic_acid_opt_3_uff_E=689.32,-6.3,23.784,20.981
2az5_cleaned_Oleanolic_acid_opt_3_uff_E=689.32,-6.2,2.268,1.806
2az5_cleaned_Oleanolic_acid_opt_3_uff_E=689.32,-6.2,5.92,4.243
2az5_cleaned_Oleanolic_acid_opt_3_uff_E=689.32,-6.2,8.148,2.22
2az5_cleaned_Oleanolic_acid_opt_3_uff_E=689.32,-6.2,6.344,4.03
2az5_cleaned_Oleanolic_acid_opt_4_uff_E=689.32,-6.7,0.0,0.0
2az5_cleaned_Oleanolic_acid_opt_4_uff_E=689.32,-6.7,8.4,1.775
2az5_cleaned_Oleanolic_acid_opt_4_uff_E=689.32,-6.4,22.577,20.461
2az5_cleaned_Oleanolic_acid_opt_4_uff_E=689.32,-6.3,9.011,2.224
2az5_cleaned_Oleanolic_acid_opt_4_uff_E=689.32,-6.2,23.848,21.308
2az5_cleaned_Oleanolic_acid_opt_4_uff_E=689.32,-6.2,5.88,4.209
2az5_cleaned_Oleanolic_acid_opt_4_uff_E=689.32,-6.2,6.327,4.029
2az5_cleaned_Oleanolic_acid_opt_4_uff_E=689.32,-6.1,24.753,21.019
2az5_cleaned_Oleanolic_acid_opt_4_uff_E=689.32,-6.1,24.555,21.844
2az5_cleaned_P-Coumarin_opt_1_uff_E=1408.62,-6.5,0.0,0.0
2az5_cleaned_P-Coumarin_opt_1_uff_E=1408.62,-6.5,25.655,20.974
2az5_cleaned_P-Coumarin_opt_1_uff_E=1408.62,-6.4,24.052,19.678
2az5_cleaned_P-Coumarin_opt_1_uff_E=1408.62,-6.3,25.677,20.867
2az5_cleaned_P-Coumarin_opt_1_uff_E=1408.62,-6.2,24.616,20.172
2az5_cleaned_P-Coumarin_opt_1_uff_E=1408.62,-6.1,25.366,21.6
2az5_cleaned_P-Coumarin_opt_1_uff_E=1408.62,-6.1,25.073,19.38
2az5_cleaned_P-Coumarin_opt_1_uff_E=1408.62,-6.1,23.445,19.535
2az5_cleaned_P-Coumarin_opt_1_uff_E=1408.62,-6.1,24.36,20.899
2az5_cleaned_P-Coumarin_opt_2_uff_E=1408.62,-6.6,0.0,0.0
2az5_cleaned_P-Coumarin_opt_2_uff_E=1408.62,-6.6,12.019,2.689
2az5_cleaned_P-Coumarin_opt_2_uff_E=1408.62,-6.5,12.367,2.95
2az5_cleaned_P-Coumarin_opt_2_uff_E=1408.62,-6.5,9.77,3.411
2az5_cleaned_P-Coumarin_opt_2_uff_E=1408.62,-6.4,27.731,22.08
2az5_cleaned_P-Coumarin_opt_2_uff_E=1408.62,-6.3,8.99,3.397
2az5_cleaned_P-Coumarin_opt_2_uff_E=1408.62,-6.3,21.023,16.251
2az5_cleaned_P-Coumarin_opt_2_uff_E=1408.62,-6.2,9.102,5.242
2az5_cleaned_P-Coumarin_opt_2_uff_E=1408.62,-6.1,11.949,2.749
2az5_cleaned_P-Coumarin_opt_3_uff_E=1408.62,-6.3,0.0,0.0
2az5_cleaned_P-Coumarin_opt_3_uff_E=1408.62,-6.2,27.688,21.908
2az5_cleaned_P-Coumarin_opt_3_uff_E=1408.62,-6.0,2.072,1.61
2az5_cleaned_P-Coumarin_opt_3_uff_E=1408.62,-5.9,8.354,2.281
2az5_cleaned_P-Coumarin_opt_3_uff_E=1408.62,-5.8,27.597,21.765
2az5_cleaned_P-Coumarin_opt_3_uff_E=1408.62,-5.7,24.923,20.39
2az5_cleaned_P-Coumarin_opt_3_uff_E=1408.62,-5.6,25.515,21.519
2az5_cleaned_P-Coumarin_opt_3_uff_E=1408.62,-5.6,27.521,23.154
2az5_cleaned_P-Coumarin_opt_3_uff_E=1408.62,-5.6,25.34,20.377
2az5_cleaned_P-Coumarin_opt_4_uff_E=1408.62,-6.8,0.0,0.0
2az5_cleaned_P-Coumarin_opt_4_uff_E=1408.62,-6.7,10.539,2.318
2az5_cleaned_P-Coumarin_opt_4_uff_E=1408.62,-6.7,2.031,1.406
2az5_cleaned_P-Coumarin_opt_4_uff_E=1408.62,-6.6,18.823,14.618
2az5_cleaned_P-Coumarin_opt_4_uff_E=1408.62,-6.5,25.527,19.999
2az5_cleaned_P-Coumarin_opt_4_uff_E=1408.62,-6.5,9.321,2.579
2az5_cleaned_P-Coumarin_opt_4_uff_E=1408.62,-6.5,4.007,2.262
2az5_cleaned_P-Coumarin_opt_4_uff_E=1408.62,-6.4,22.236,16.073
2az5_cleaned_P-Coumarin_opt_4_uff_E=1408.62,-6.4,20.511,15.026
2az5_cleaned_Protocatechuic_acid_opt_1_uff_E=70.50,-6.1,0.0,0.0
2az5_cleaned_Protocatechuic_acid_opt_1_uff_E=70.50,-6.1,2.904,1.769
2az5_cleaned_Protocatechuic_acid_opt_1_uff_E=70.50,-5.5,3.917,1.315
2az5_cleaned_Protocatechuic_acid_opt_1_uff_E=70.50,-5.1,7.133,5.556
2az5_cleaned_Protocatechuic_acid_opt_1_uff_E=70.50,-4.8,7.039,5.836
2az5_cleaned_Protocatechuic_acid_opt_1_uff_E=70.50,-4.7,10.408,9.839
2az5_cleaned_Protocatechuic_acid_opt_1_uff_E=70.50,-4.7,11.305,10.045
2az5_cleaned_Protocatechuic_acid_opt_1_uff_E=70.50,-4.7,12.79,11.817
2az5_cleaned_Protocatechuic_acid_opt_1_uff_E=70.50,-4.6,10.347,9.912
2az5_cleaned_Protocatechuic_acid_opt_2_uff_E=70.50,-7.3,0.0,0.0
2az5_cleaned_Protocatechuic_acid_opt_2_uff_E=70.50,-6.9,2.047,0.826
2az5_cleaned_Protocatechuic_acid_opt_2_uff_E=70.50,-5.2,10.911,9.409
2az5_cleaned_Protocatechuic_acid_opt_2_uff_E=70.50,-4.7,17.995,16.951
2az5_cleaned_Protocatechuic_acid_opt_2_uff_E=70.50,-4.7,17.978,16.997
2az5_cleaned_Protocatechuic_acid_opt_2_uff_E=70.50,-4.7,11.792,9.944
2az5_cleaned_Protocatechuic_acid_opt_2_uff_E=70.50,-4.6,18.994,18.186
2az5_cleaned_Protocatechuic_acid_opt_2_uff_E=70.50,-4.5,11.213,9.434
2az5_cleaned_Protocatechuic_acid_opt_2_uff_E=70.50,-4.5,18.098,17.06
2az5_cleaned_Protocatechuic_acid_opt_3_uff_E=70.50,-6.1,0.0,0.0
2az5_cleaned_Protocatechuic_acid_opt_3_uff_E=70.50,-5.1,7.15,5.589
2az5_cleaned_Protocatechuic_acid_opt_3_uff_E=70.50,-4.7,10.418,9.846
2az5_cleaned_Protocatechuic_acid_opt_3_uff_E=70.50,-4.7,13.236,11.688
2az5_cleaned_Protocatechuic_acid_opt_3_uff_E=70.50,-4.6,10.826,9.698
2az5_cleaned_Protocatechuic_acid_opt_3_uff_E=70.50,-4.6,10.653,9.994
2az5_cleaned_Protocatechuic_acid_opt_3_uff_E=70.50,-4.6,12.92,11.729
2az5_cleaned_Protocatechuic_acid_opt_3_uff_E=70.50,-4.6,7.824,6.616
2az5_cleaned_Protocatechuic_acid_opt_3_uff_E=70.50,-4.6,10.55,9.47
2az5_cleaned_Protocatechuic_acid_opt_4_uff_E=70.50,-5.7,0.0,0.0
2az5_cleaned_Protocatechuic_acid_opt_4_uff_E=70.50,-5.1,8.738,5.394
2az5_cleaned_Protocatechuic_acid_opt_4_uff_E=70.50,-4.8,8.276,5.22
2az5_cleaned_Protocatechuic_acid_opt_4_uff_E=70.50,-4.7,8.096,5.942
2az5_cleaned_Protocatechuic_acid_opt_4_uff_E=70.50,-4.7,17.632,15.957
2az5_cleaned_Protocatechuic_acid_opt_4_uff_E=70.50,-4.7,12.245,11.499
2az5_cleaned_Protocatechuic_acid_opt_4_uff_E=70.50,-4.7,17.692,16.151
2az5_cleaned_Protocatechuic_acid_opt_4_uff_E=70.50,-4.6,18.485,17.501
2az5_cleaned_Protocatechuic_acid_opt_4_uff_E=70.50,-4.6,12.296,11.357
2az5_cleaned_Rosmarinic_Acid_opt_1_uff_E=219.54,-5.7,0.0,0.0
2az5_cleaned_Rosmarinic_Acid_opt_1_uff_E=219.54,-5.7,23.661,20.715
2az5_cleaned_Rosmarinic_Acid_opt_1_uff_E=219.54,-5.6,23.583,21.215
2az5_cleaned_Rosmarinic_Acid_opt_1_uff_E=219.54,-5.5,27.069,24.217
2az5_cleaned_Rosmarinic_Acid_opt_1_uff_E=219.54,-5.5,22.076,19.649
2az5_cleaned_Rosmarinic_Acid_opt_1_uff_E=219.54,-5.5,25.843,23.046
2az5_cleaned_Rosmarinic_Acid_opt_1_uff_E=219.54,-5.4,2.105,1.531
2az5_cleaned_Rosmarinic_Acid_opt_1_uff_E=219.54,-5.3,23.681,21.1
2az5_cleaned_Rosmarinic_Acid_opt_1_uff_E=219.54,-5.2,22.781,21.14
2az5_cleaned_Rosmarinic_Acid_opt_2_uff_E=219.54,-6.6,0.0,0.0
2az5_cleaned_Rosmarinic_Acid_opt_2_uff_E=219.54,-6.6,4.442,2.746
2az5_cleaned_Rosmarinic_Acid_opt_2_uff_E=219.54,-6.5,3.238,2.199
2az5_cleaned_Rosmarinic_Acid_opt_2_uff_E=219.54,-6.4,21.262,19.161
2az5_cleaned_Rosmarinic_Acid_opt_2_uff_E=219.54,-6.3,5.232,2.885
2az5_cleaned_Rosmarinic_Acid_opt_2_uff_E=219.54,-6.2,5.52,3.071
2az5_cleaned_Rosmarinic_Acid_opt_2_uff_E=219.54,-6.2,7.471,3.984
2az5_cleaned_Rosmarinic_Acid_opt_2_uff_E=219.54,-6.1,22.453,19.088
2az5_cleaned_Rosmarinic_Acid_opt_2_uff_E=219.54,-6.0,21.83,19.033
2az5_cleaned_Rosmarinic_Acid_opt_3_uff_E=219.54,-7.7,0.0,0.0
2az5_cleaned_Rosmarinic_Acid_opt_3_uff_E=219.54,-7.5,7.962,4.853
2az5_cleaned_Rosmarinic_Acid_opt_3_uff_E=219.54,-7.3,7.801,6.302
2az5_cleaned_Rosmarinic_Acid_opt_3_uff_E=219.54,-7.1,19.704,17.216
2az5_cleaned_Rosmarinic_Acid_opt_3_uff_E=219.54,-7.0,19.736,17.055
2az5_cleaned_Rosmarinic_Acid_opt_3_uff_E=219.54,-6.9,10.31,7.686
2az5_cleaned_Rosmarinic_Acid_opt_3_uff_E=219.54,-6.9,19.207,16.394
2az5_cleaned_Rosmarinic_Acid_opt_3_uff_E=219.54,-6.8,6.674,4.868
2az5_cleaned_Rosmarinic_Acid_opt_3_uff_E=219.54,-6.7,24.472,22.55
2az5_cleaned_Rosmarinic_Acid_opt_4_uff_E=219.54,-5.8,0.0,0.0
2az5_cleaned_Rosmarinic_Acid_opt_4_uff_E=219.54,-5.7,23.452,20.531
2az5_cleaned_Rosmarinic_Acid_opt_4_uff_E=219.54,-5.6,26.949,23.843
2az5_cleaned_Rosmarinic_Acid_opt_4_uff_E=219.54,-5.4,23.01,20.181
2az5_cleaned_Rosmarinic_Acid_opt_4_uff_E=219.54,-5.4,22.883,21.591
2az5_cleaned_Rosmarinic_Acid_opt_4_uff_E=219.54,-5.4,23.718,21.283
2az5_cleaned_Rosmarinic_Acid_opt_4_uff_E=219.54,-5.2,22.372,20.195
2az5_cleaned_Rosmarinic_Acid_opt_4_uff_E=219.54,-5.1,22.111,19.804
2az5_cleaned_Rosmarinic_Acid_opt_4_uff_E=219.54,-5.1,25.844,22.306
2az5_cleaned_Scopoletin_opt_1_uff_E=119.87,-5.6,0.0,0.0
2az5_cleaned_Scopoletin_opt_1_uff_E=119.87,-5.3,5.504,3.649
2az5_cleaned_Scopoletin_opt_1_uff_E=119.87,-5.2,4.871,1.315
2az5_cleaned_Scopoletin_opt_1_uff_E=119.87,-4.9,16.387,14.155
2az5_cleaned_Scopoletin_opt_1_uff_E=119.87,-4.9,17.983,15.51
2az5_cleaned_Scopoletin_opt_1_uff_E=119.87,-4.9,16.811,15.978
2az5_cleaned_Scopoletin_opt_1_uff_E=119.87,-4.8,18.17,16.292
2az5_cleaned_Scopoletin_opt_1_uff_E=119.87,-4.7,22.567,20.656
2az5_cleaned_Scopoletin_opt_1_uff_E=119.87,-4.7,16.987,15.988
2az5_cleaned_Scopoletin_opt_2_uff_E=119.87,-5.6,0.0,0.0
2az5_cleaned_Scopoletin_opt_2_uff_E=119.87,-5.2,4.854,1.197
2az5_cleaned_Scopoletin_opt_2_uff_E=119.87,-5.0,16.571,14.347
2az5_cleaned_Scopoletin_opt_2_uff_E=119.87,-4.9,18.088,15.604
2az5_cleaned_Scopoletin_opt_2_uff_E=119.87,-4.8,22.149,20.727
2az5_cleaned_Scopoletin_opt_2_uff_E=119.87,-4.7,17.342,16.454
2az5_cleaned_Scopoletin_opt_2_uff_E=119.87,-4.7,17.349,14.668
2az5_cleaned_Scopoletin_opt_2_uff_E=119.87,-4.6,16.794,15.799
2az5_cleaned_Scopoletin_opt_2_uff_E=119.87,-4.5,17.035,16.298
2az5_cleaned_Scopoletin_opt_3_uff_E=119.87,-5.2,0.0,0.0
2az5_cleaned_Scopoletin_opt_3_uff_E=119.87,-5.2,2.814,1.694
2az5_cleaned_Scopoletin_opt_3_uff_E=119.87,-5.2,4.792,1.19
2az5_cleaned_Scopoletin_opt_3_uff_E=119.87,-5.0,18.394,16.986
2az5_cleaned_Scopoletin_opt_3_uff_E=119.87,-4.9,17.348,15.14
2az5_cleaned_Scopoletin_opt_3_uff_E=119.87,-4.9,17.671,16.596
2az5_cleaned_Scopoletin_opt_3_uff_E=119.87,-4.9,17.619,15.963
2az5_cleaned_Scopoletin_opt_3_uff_E=119.87,-4.8,18.062,16.696
2az5_cleaned_Scopoletin_opt_3_uff_E=119.87,-4.7,18.197,15.444
2az5_cleaned_Scopoletin_opt_4_uff_E=119.87,-5.6,0.0,0.0
2az5_cleaned_Scopoletin_opt_4_uff_E=119.87,-4.9,17.081,15.026
2az5_cleaned_Scopoletin_opt_4_uff_E=119.87,-4.9,17.851,15.355
2az5_cleaned_Scopoletin_opt_4_uff_E=119.87,-4.7,17.043,16.01
2az5_cleaned_Scopoletin_opt_4_uff_E=119.87,-4.7,22.049,20.682
2az5_cleaned_Scopoletin_opt_4_uff_E=119.87,-4.7,2.2,1.454
2az5_cleaned_Scopoletin_opt_4_uff_E=119.87,-4.7,17.628,16.366
2az5_cleaned_Scopoletin_opt_4_uff_E=119.87,-4.7,17.121,14.438
2az5_cleaned_Scopoletin_opt_4_uff_E=119.87,-4.6,16.518,15.552
2az5_cleaned_Thujone_opt_1_uff_E=1402.15,-4.6,0.0,0.0
2az5_cleaned_Thujone_opt_1_uff_E=1402.15,-4.4,16.584,14.853
2az5_cleaned_Thujone_opt_1_uff_E=1402.15,-4.3,11.999,10.101
2az5_cleaned_Thujone_opt_1_uff_E=1402.15,-4.2,16.241,14.61
2az5_cleaned_Thujone_opt_1_uff_E=1402.15,-4.2,17.003,15.554
2az5_cleaned_Thujone_opt_1_uff_E=1402.15,-4.1,2.392,1.238
2az5_cleaned_Thujone_opt_1_uff_E=1402.15,-3.9,31.097,29.895
2az5_cleaned_Thujone_opt_1_uff_E=1402.15,-3.8,4.007,2.112
2az5_cleaned_Thujone_opt_1_uff_E=1402.15,-3.8,36.145,34.761
2az5_cleaned_Thujone_opt_2_uff_E=1402.15,-4.5,0.0,0.0
2az5_cleaned_Thujone_opt_2_uff_E=1402.15,-4.4,21.264,19.189
2az5_cleaned_Thujone_opt_2_uff_E=1402.15,-4.4,3.587,2.091
2az5_cleaned_Thujone_opt_2_uff_E=1402.15,-4.3,2.863,1.586
2az5_cleaned_Thujone_opt_2_uff_E=1402.15,-4.3,16.756,15.121
2az5_cleaned_Thujone_opt_2_uff_E=1402.15,-4.3,4.389,2.495
2az5_cleaned_Thujone_opt_2_uff_E=1402.15,-4.3,3.887,2.081
2az5_cleaned_Thujone_opt_2_uff_E=1402.15,-4.1,3.931,2.187
2az5_cleaned_Thujone_opt_2_uff_E=1402.15,-3.9,28.592,27.163
2az5_cleaned_Thujone_opt_3_uff_E=1402.15,-4.4,0.0,0.0
2az5_cleaned_Thujone_opt_3_uff_E=1402.15,-4.4,21.137,19.619
2az5_cleaned_Thujone_opt_3_uff_E=1402.15,-4.4,3.987,2.137
2az5_cleaned_Thujone_opt_3_uff_E=1402.15,-4.3,3.951,2.012
2az5_cleaned_Thujone_opt_3_uff_E=1402.15,-4.2,2.409,1.528
2az5_cleaned_Thujone_opt_3_uff_E=1402.15,-4.2,15.687,14.377
2az5_cleaned_Thujone_opt_3_uff_E=1402.15,-4.2,2.887,1.97
2az5_cleaned_Thujone_opt_3_uff_E=1402.15,-4.1,34.251,33.122
2az5_cleaned_Thujone_opt_3_uff_E=1402.15,-3.9,28.793,27.337
2az5_cleaned_Thujone_opt_4_uff_E=1402.15,-4.5,0.0,0.0
2az5_cleaned_Thujone_opt_4_uff_E=1402.15,-4.4,21.306,19.262
2az5_cleaned_Thujone_opt_4_uff_E=1402.15,-4.4,3.524,2.007
2az5_cleaned_Thujone_opt_4_uff_E=1402.15,-4.4,16.581,14.998
2az5_cleaned_Thujone_opt_4_uff_E=1402.15,-4.3,2.766,1.458
2az5_cleaned_Thujone_opt_4_uff_E=1402.15,-4.2,4.118,1.887
2az5_cleaned_Thujone_opt_4_uff_E=1402.15,-4.2,3.948,2.24
2az5_cleaned_Thujone_opt_4_uff_E=1402.15,-4.1,3.467,1.956
2az5_cleaned_Thujone_opt_4_uff_E=1402.15,-3.9,28.595,27.184
2az5_cleaned_Thymol_methyl_ether_opt_1_uff_E=117.22,-4.6,0.0,0.0
2az5_cleaned_Thymol_methyl_ether_opt_1_uff_E=117.22,-4.5,16.018,14.38
2az5_cleaned_Thymol_methyl_ether_opt_1_uff_E=117.22,-4.5,4.235,2.896
2az5_cleaned_Thymol_methyl_ether_opt_1_uff_E=117.22,-4.3,3.743,1.687
2az5_cleaned_Thymol_methyl_ether_opt_1_uff_E=117.22,-4.3,5.078,2.164
2az5_cleaned_Thymol_methyl_ether_opt_1_uff_E=117.22,-4.2,4.2,2.924
2az5_cleaned_Thymol_methyl_ether_opt_1_uff_E=117.22,-4.2,14.556,11.873
2az5_cleaned_Thymol_methyl_ether_opt_1_uff_E=117.22,-4.1,15.808,12.881
2az5_cleaned_Thymol_methyl_ether_opt_1_uff_E=117.22,-4.1,11.827,10.137
2az5_cleaned_Thymol_methyl_ether_opt_2_uff_E=117.22,-5.1,0.0,0.0
2az5_cleaned_Thymol_methyl_ether_opt_2_uff_E=117.22,-4.7,3.58,2.065
2az5_cleaned_Thymol_methyl_ether_opt_2_uff_E=117.22,-4.7,12.216,10.336
2az5_cleaned_Thymol_methyl_ether_opt_2_uff_E=117.22,-4.6,14.159,12.391
2az5_cleaned_Thymol_methyl_ether_opt_2_uff_E=117.22,-4.6,16.179,14.58
2az5_cleaned_Thymol_methyl_ether_opt_2_uff_E=117.22,-4.5,12.446,11.184
2az5_cleaned_Thymol_methyl_ether_opt_2_uff_E=117.22,-4.3,12.21,11.186
2az5_cleaned_Thymol_methyl_ether_opt_2_uff_E=117.22,-4.2,14.76,12.907
2az5_cleaned_Thymol_methyl_ether_opt_2_uff_E=117.22,-4.2,8.546,6.849
2az5_cleaned_Thymol_methyl_ether_opt_3_uff_E=117.22,-4.7,0.0,0.0
2az5_cleaned_Thymol_methyl_ether_opt_3_uff_E=117.22,-4.6,11.176,9.583
2az5_cleaned_Thymol_methyl_ether_opt_3_uff_E=117.22,-4.5,13.339,11.839
2az5_cleaned_Thymol_methyl_ether_opt_3_uff_E=117.22,-4.4,11.652,10.159
2az5_cleaned_Thymol_methyl_ether_opt_3_uff_E=117.22,-4.3,11.821,10.45
2az5_cleaned_Thymol_methyl_ether_opt_3_uff_E=117.22,-4.2,11.935,10.139
2az5_cleaned_Thymol_methyl_ether_opt_3_uff_E=117.22,-4.2,13.727,12.366
2az5_cleaned_Thymol_methyl_ether_opt_3_uff_E=117.22,-4.1,7.786,5.482
2az5_cleaned_Thymol_methyl_ether_opt_3_uff_E=117.22,-4.1,7.961,4.875
2az5_cleaned_Thymol_methyl_ether_opt_4_uff_E=117.22,-4.7,0.0,0.0
2az5_cleaned_Thymol_methyl_ether_opt_4_uff_E=117.22,-4.6,11.2,9.57
2az5_cleaned_Thymol_methyl_ether_opt_4_uff_E=117.22,-4.5,13.362,11.83
2az5_cleaned_Thymol_methyl_ether_opt_4_uff_E=117.22,-4.5,17.591,16.327
2az5_cleaned_Thymol_methyl_ether_opt_4_uff_E=117.22,-4.4,11.644,10.187
2az5_cleaned_Thymol_methyl_ether_opt_4_uff_E=117.22,-4.3,12.372,10.817
2az5_cleaned_Thymol_methyl_ether_opt_4_uff_E=117.22,-4.2,12.417,10.85
2az5_cleaned_Thymol_methyl_ether_opt_4_uff_E=117.22,-4.2,7.775,5.166
2az5_cleaned_Thymol_methyl_ether_opt_4_uff_E=117.22,-4.2,11.464,10.388
2az5_cleaned_Thymol_opt_1_uff_E=101.74,-5.1,0.0,0.0
2az5_cleaned_Thymol_opt_1_uff_E=101.74,-4.8,2.419,1.645
2az5_cleaned_Thymol_opt_1_uff_E=101.74,-4.7,14.852,13.604
2az5_cleaned_Thymol_opt_1_uff_E=101.74,-4.5,21.979,20.729
2az5_cleaned_Thymol_opt_1_uff_E=101.74,-4.3,21.433,20.381
2az5_cleaned_Thymol_opt_1_uff_E=101.74,-4.2,31.033,29.986
2az5_cleaned_Thymol_opt_1_uff_E=101.74,-4.2,4.155,1.002
2az5_cleaned_Thymol_opt_1_uff_E=101.74,-4.1,4.57,1.841
2az5_cleaned_Thymol_opt_1_uff_E=101.74,-4.1,16.28,14.55
2az5_cleaned_Thymol_opt_2_uff_E=101.74,-5.1,0.0,0.0
2az5_cleaned_Thymol_opt_2_uff_E=101.74,-4.8,2.423,1.65
2az5_cleaned_Thymol_opt_2_uff_E=101.74,-4.7,14.933,13.7
2az5_cleaned_Thymol_opt_2_uff_E=101.74,-4.4,15.228,13.977
2az5_cleaned_Thymol_opt_2_uff_E=101.74,-4.3,15.041,13.582
2az5_cleaned_Thymol_opt_2_uff_E=101.74,-4.2,31.04,29.992
2az5_cleaned_Thymol_opt_2_uff_E=101.74,-4.2,4.172,1.013
2az5_cleaned_Thymol_opt_2_uff_E=101.74,-4.1,4.837,2.537
2az5_cleaned_Thymol_opt_2_uff_E=101.74,-4.1,15.114,13.786
2az5_cleaned_Thymol_opt_3_uff_E=101.74,-5.4,0.0,0.0
2az5_cleaned_Thymol_opt_3_uff_E=101.74,-5.1,11.319,10.192
2az5_cleaned_Thymol_opt_3_uff_E=101.74,-4.8,11.268,10.173
2az5_cleaned_Thymol_opt_3_uff_E=101.74,-4.7,12.276,10.34
2az5_cleaned_Thymol_opt_3_uff_E=101.74,-4.5,12.014,10.333
2az5_cleaned_Thymol_opt_3_uff_E=101.74,-4.2,21.09,19.935
2az5_cleaned_Thymol_opt_3_uff_E=101.74,-4.2,12.262,10.233
2az5_cleaned_Thymol_opt_3_uff_E=101.74,-4.1,22.804,20.273
2az5_cleaned_Thymol_opt_3_uff_E=101.74,-4.1,26.438,25.354
2az5_cleaned_Thymol_opt_4_uff_E=101.74,-5.1,0.0,0.0
2az5_cleaned_Thymol_opt_4_uff_E=101.74,-4.8,2.416,1.642
2az5_cleaned_Thymol_opt_4_uff_E=101.74,-4.7,14.838,13.531
2az5_cleaned_Thymol_opt_4_uff_E=101.74,-4.5,14.815,13.5
2az5_cleaned_Thymol_opt_4_uff_E=101.74,-4.4,15.051,13.791
2az5_cleaned_Thymol_opt_4_uff_E=101.74,-4.2,31.033,29.986
2az5_cleaned_Thymol_opt_4_uff_E=101.74,-4.2,16.347,14.948
2az5_cleaned_Thymol_opt_4_uff_E=101.74,-4.2,4.163,1.007
2az5_cleaned_Thymol_opt_4_uff_E=101.74,-4.1,4.577,1.836
2az5_cleaned_Thymusin_opt_1_uff_E=408.12,-6.1,0.0,0.0
2az5_cleaned_Thymusin_opt_1_uff_E=408.12,-5.9,19.68,16.958
2az5_cleaned_Thymusin_opt_1_uff_E=408.12,-5.7,21.238,18.6
2az5_cleaned_Thymusin_opt_1_uff_E=408.12,-5.7,3.851,2.12
2az5_cleaned_Thymusin_opt_1_uff_E=408.12,-5.7,5.356,3.947
2az5_cleaned_Thymusin_opt_1_uff_E=408.12,-5.7,22.932,20.944
2az5_cleaned_Thymusin_opt_1_uff_E=408.12,-5.4,19.79,16.784
2az5_cleaned_Thymusin_opt_1_uff_E=408.12,-5.4,23.347,21.456
2az5_cleaned_Thymusin_opt_1_uff_E=408.12,-5.3,16.785,13.106
2az5_cleaned_Thymusin_opt_2_uff_E=408.12,-6.1,0.0,0.0
2az5_cleaned_Thymusin_opt_2_uff_E=408.12,-5.7,21.058,18.523
2az5_cleaned_Thymusin_opt_2_uff_E=408.12,-5.7,7.445,4.393
2az5_cleaned_Thymusin_opt_2_uff_E=408.12,-5.7,3.867,2.118
2az5_cleaned_Thymusin_opt_2_uff_E=408.12,-5.7,5.296,3.934
2az5_cleaned_Thymusin_opt_2_uff_E=408.12,-5.7,22.852,20.937
2az5_cleaned_Thymusin_opt_2_uff_E=408.12,-5.6,19.413,17.529
2az5_cleaned_Thymusin_opt_2_uff_E=408.12,-5.4,25.2,23.498
2az5_cleaned_Thymusin_opt_2_uff_E=408.12,-5.4,17.267,13.031
2az5_cleaned_Thymusin_opt_3_uff_E=408.12,-6.1,0.0,0.0
2az5_cleaned_Thymusin_opt_3_uff_E=408.12,-5.7,21.162,18.6
2az5_cleaned_Thymusin_opt_3_uff_E=408.12,-5.7,5.282,3.95
2az5_cleaned_Thymusin_opt_3_uff_E=408.12,-5.7,22.87,20.952
2az5_cleaned_Thymusin_opt_3_uff_E=408.12,-5.6,16.574,13.14
2az5_cleaned_Thymusin_opt_3_uff_E=408.12,-5.6,19.585,17.604
2az5_cleaned_Thymusin_opt_3_uff_E=408.12,-5.6,3.503,2.137
2az5_cleaned_Thymusin_opt_3_uff_E=408.12,-5.5,18.5,14.304
2az5_cleaned_Thymusin_opt_3_uff_E=408.12,-5.5,19.805,16.752
2az5_cleaned_Thymusin_opt_4_uff_E=408.12,-6.1,0.0,0.0
2az5_cleaned_Thymusin_opt_4_uff_E=408.12,-5.8,7.477,4.399
2az5_cleaned_Thymusin_opt_4_uff_E=408.12,-5.7,21.167,18.605
2az5_cleaned_Thymusin_opt_4_uff_E=408.12,-5.7,5.292,3.939
2az5_cleaned_Thymusin_opt_4_uff_E=408.12,-5.7,22.874,20.966
2az5_cleaned_Thymusin_opt_4_uff_E=408.12,-5.6,19.432,17.546
2az5_cleaned_Thymusin_opt_4_uff_E=408.12,-5.6,16.596,13.155
2az5_cleaned_Thymusin_opt_4_uff_E=408.12,-5.4,22.532,20.032
2az5_cleaned_Thymusin_opt_4_uff_E=408.12,-5.3,7.002,4.066
2az5_cleaned_Umbelliferone_opt_1_uff_E=96.86,-5.2,0.0,0.0
2az5_cleaned_Umbelliferone_opt_1_uff_E=96.86,-5.2,4.719,1.662
2az5_cleaned_Umbelliferone_opt_1_uff_E=96.86,-5.0,11.802,11.552
2az5_cleaned_Umbelliferone_opt_1_uff_E=96.86,-4.9,17.315,16.36
2az5_cleaned_Umbelliferone_opt_1_uff_E=96.86,-4.8,16.686,15.231
2az5_cleaned_Umbelliferone_opt_1_uff_E=96.86,-4.6,17.383,16.857
2az5_cleaned_Umbelliferone_opt_1_uff_E=96.86,-4.6,16.947,15.213
2az5_cleaned_Umbelliferone_opt_1_uff_E=96.86,-4.5,16.988,16.038
2az5_cleaned_Umbelliferone_opt_1_uff_E=96.86,-4.5,12.686,12.02
2az5_cleaned_Umbelliferone_opt_2_uff_E=96.86,-5.1,0.0,0.0
2az5_cleaned_Umbelliferone_opt_2_uff_E=96.86,-5.0,11.347,11.0
2az5_cleaned_Umbelliferone_opt_2_uff_E=96.86,-5.0,18.587,16.814
2az5_cleaned_Umbelliferone_opt_2_uff_E=96.86,-4.8,11.336,10.892
2az5_cleaned_Umbelliferone_opt_2_uff_E=96.86,-4.7,18.838,16.979
2az5_cleaned_Umbelliferone_opt_2_uff_E=96.86,-4.7,22.259,21.131
2az5_cleaned_Umbelliferone_opt_2_uff_E=96.86,-4.6,17.557,15.602
2az5_cleaned_Umbelliferone_opt_2_uff_E=96.86,-4.6,17.518,17.028
2az5_cleaned_Umbelliferone_opt_2_uff_E=96.86,-4.5,17.216,16.261
2az5_cleaned_Umbelliferone_opt_3_uff_E=96.86,-5.8,0.0,0.0
2az5_cleaned_Umbelliferone_opt_3_uff_E=96.86,-5.2,7.033,5.089
2az5_cleaned_Umbelliferone_opt_3_uff_E=96.86,-5.2,2.586,1.82
2az5_cleaned_Umbelliferone_opt_3_uff_E=96.86,-5.2,3.082,2.138
2az5_cleaned_Umbelliferone_opt_3_uff_E=96.86,-5.1,7.075,5.375
2az5_cleaned_Umbelliferone_opt_3_uff_E=96.86,-5.0,13.004,10.551
2az5_cleaned_Umbelliferone_opt_3_uff_E=96.86,-5.0,10.388,9.742
2az5_cleaned_Umbelliferone_opt_3_uff_E=96.86,-4.8,12.888,12.245
2az5_cleaned_Umbelliferone_opt_3_uff_E=96.86,-4.8,10.978,9.76
2az5_cleaned_Umbelliferone_opt_4_uff_E=96.86,-5.2,0.0,0.0
2az5_cleaned_Umbelliferone_opt_4_uff_E=96.86,-5.1,4.005,1.633
2az5_cleaned_Umbelliferone_opt_4_uff_E=96.86,-5.0,17.498,16.168
2az5_cleaned_Umbelliferone_opt_4_uff_E=96.86,-5.0,18.252,16.368
2az5_cleaned_Umbelliferone_opt_4_uff_E=96.86,-5.0,12.548,11.901
2az5_cleaned_Umbelliferone_opt_4_uff_E=96.86,-4.9,26.326,25.036
2az5_cleaned_Umbelliferone_opt_4_uff_E=96.86,-4.8,16.266,14.69
2az5_cleaned_Umbelliferone_opt_4_uff_E=96.86,-4.7,21.915,21.088
2az5_cleaned_Umbelliferone_opt_4_uff_E=96.86,-4.6,16.678,16.326
2az5_cleaned_Xanthomicrol_opt_1_uff_E=490.47,-5.8,0.0,0.0
2az5_cleaned_Xanthomicrol_opt_1_uff_E=490.47,-5.7,6.984,3.66
2az5_cleaned_Xanthomicrol_opt_1_uff_E=490.47,-5.6,20.174,18.0
2az5_cleaned_Xanthomicrol_opt_1_uff_E=490.47,-5.6,19.976,16.893
2az5_cleaned_Xanthomicrol_opt_1_uff_E=490.47,-5.6,2.486,1.512
2az5_cleaned_Xanthomicrol_opt_1_uff_E=490.47,-5.5,19.486,17.237
2az5_cleaned_Xanthomicrol_opt_1_uff_E=490.47,-5.4,20.583,19.154
2az5_cleaned_Xanthomicrol_opt_1_uff_E=490.47,-5.3,18.518,17.035
2az5_cleaned_Xanthomicrol_opt_1_uff_E=490.47,-5.3,6.293,2.649
2az5_cleaned_Xanthomicrol_opt_2_uff_E=490.47,-5.8,0.0,0.0
2az5_cleaned_Xanthomicrol_opt_2_uff_E=490.47,-5.7,23.145,21.031
2az5_cleaned_Xanthomicrol_opt_2_uff_E=490.47,-5.6,18.53,13.497
2az5_cleaned_Xanthomicrol_opt_2_uff_E=490.47,-5.5,3.456,2.157
2az5_cleaned_Xanthomicrol_opt_2_uff_E=490.47,-5.4,7.535,4.184
2az5_cleaned_Xanthomicrol_opt_2_uff_E=490.47,-5.3,7.891,1.73
2az5_cleaned_Xanthomicrol_opt_2_uff_E=490.47,-5.3,7.601,4.79
2az5_cleaned_Xanthomicrol_opt_2_uff_E=490.47,-5.3,23.741,21.655
2az5_cleaned_Xanthomicrol_opt_2_uff_E=490.47,-5.2,33.249,31.48
2az5_cleaned_Xanthomicrol_opt_3_uff_E=490.47,-5.8,0.0,0.0
2az5_cleaned_Xanthomicrol_opt_3_uff_E=490.47,-5.8,23.134,20.993
2az5_cleaned_Xanthomicrol_opt_3_uff_E=490.47,-5.6,18.416,13.435
2az5_cleaned_Xanthomicrol_opt_3_uff_E=490.47,-5.3,21.52,18.906
2az5_cleaned_Xanthomicrol_opt_3_uff_E=490.47,-5.3,23.228,21.132
2az5_cleaned_Xanthomicrol_opt_3_uff_E=490.47,-5.3,7.506,3.612
2az5_cleaned_Xanthomicrol_opt_3_uff_E=490.47,-5.2,26.134,23.93
2az5_cleaned_Xanthomicrol_opt_3_uff_E=490.47,-5.2,33.26,31.42
2az5_cleaned_Xanthomicrol_opt_3_uff_E=490.47,-5.2,21.615,18.859
2az5_cleaned_Xanthomicrol_opt_4_uff_E=490.47,-5.8,0.0,0.0
2az5_cleaned_Xanthomicrol_opt_4_uff_E=490.47,-5.8,19.94,17.017
2az5_cleaned_Xanthomicrol_opt_4_uff_E=490.47,-5.7,23.14,21.005
2az5_cleaned_Xanthomicrol_opt_4_uff_E=490.47,-5.7,7.519,4.591
2az5_cleaned_Xanthomicrol_opt_4_uff_E=490.47,-5.6,18.481,13.475
2az5_cleaned_Xanthomicrol_opt_4_uff_E=490.47,-5.4,20.815,17.95
2az5_cleaned_Xanthomicrol_opt_4_uff_E=490.47,-5.3,23.298,21.18
2az5_cleaned_Xanthomicrol_opt_4_uff_E=490.47,-5.3,21.561,19.005
2az5_cleaned_Xanthomicrol_opt_4_uff_E=490.47,-5.2,15.825,13.58
2az5_cleaned_borneol_opt_1_uff_E=466.67,-4.3,0.0,0.0
2az5_cleaned_borneol_opt_1_uff_E=466.67,-4.3,12.854,11.252
2az5_cleaned_borneol_opt_1_uff_E=466.67,-4.2,16.292,14.645
2az5_cleaned_borneol_opt_1_uff_E=466.67,-4.1,17.186,15.87
2az5_cleaned_borneol_opt_1_uff_E=466.67,-4.1,12.454,11.099
2az5_cleaned_borneol_opt_1_uff_E=466.67,-4.1,12.654,11.274
2az5_cleaned_borneol_opt_1_uff_E=466.67,-4.0,3.283,2.01
2az5_cleaned_borneol_opt_1_uff_E=466.67,-4.0,22.312,20.729
2az5_cleaned_borneol_opt_1_uff_E=466.67,-4.0,16.408,15.049
2az5_cleaned_borneol_opt_2_uff_E=466.67,-4.3,0.0,0.0
2az5_cleaned_borneol_opt_2_uff_E=466.67,-4.3,12.917,11.286
2az5_cleaned_borneol_opt_2_uff_E=466.67,-4.2,16.263,14.619
2az5_cleaned_borneol_opt_2_uff_E=466.67,-4.1,22.252,20.751
2az5_cleaned_borneol_opt_2_uff_E=466.67,-4.1,13.339,11.936
2az5_cleaned_borneol_opt_2_uff_E=466.67,-4.1,3.317,2.121
2az5_cleaned_borneol_opt_2_uff_E=466.67,-4.0,16.352,14.993
2az5_cleaned_borneol_opt_2_uff_E=466.67,-4.0,17.573,16.39
2az5_cleaned_borneol_opt_2_uff_E=466.67,-3.9,13.176,11.676
2az5_cleaned_borneol_opt_3_uff_E=466.67,-4.3,0.0,0.0
2az5_cleaned_borneol_opt_3_uff_E=466.67,-4.3,12.917,11.282
2az5_cleaned_borneol_opt_3_uff_E=466.67,-4.1,16.263,14.62
2az5_cleaned_borneol_opt_3_uff_E=466.67,-4.1,22.283,20.796
2az5_cleaned_borneol_opt_3_uff_E=466.67,-4.1,3.342,2.138
2az5_cleaned_borneol_opt_3_uff_E=466.67,-4.1,3.291,1.898
2az5_cleaned_borneol_opt_3_uff_E=466.67,-4.1,17.25,15.924
2az5_cleaned_borneol_opt_3_uff_E=466.67,-4.0,16.357,14.998
2az5_cleaned_borneol_opt_3_uff_E=466.67,-3.9,37.338,35.897
2az5_cleaned_borneol_opt_4_uff_E=466.67,-4.3,0.0,0.0
2az5_cleaned_borneol_opt_4_uff_E=466.67,-4.3,12.836,11.237
2az5_cleaned_borneol_opt_4_uff_E=466.67,-4.2,16.329,14.685
2az5_cleaned_borneol_opt_4_uff_E=466.67,-4.1,22.319,20.851
2az5_cleaned_borneol_opt_4_uff_E=466.67,-4.1,3.317,2.121
2az5_cleaned_borneol_opt_4_uff_E=466.67,-4.1,12.657,11.306
2az5_cleaned_borneol_opt_4_uff_E=466.67,-4.1,12.54,11.07
2az5_cleaned_borneol_opt_4_uff_E=466.67,-4.0,16.424,15.06
2az5_cleaned_borneol_opt_4_uff_E=466.67,-4.0,12.687,11.319
2az5_cleaned_butanoic_acid_opt_1_uff_E=16.88,-3.8,0.0,0.0
2az5_cleaned_butanoic_acid_opt_1_uff_E=16.88,-3.6,10.097,9.438
2az5_cleaned_butanoic_acid_opt_1_uff_E=16.88,-3.6,3.234,2.402
2az5_cleaned_butanoic_acid_opt_1_uff_E=16.88,-3.5,2.99,2.476
2az5_cleaned_butanoic_acid_opt_1_uff_E=16.88,-3.3,3.988,3.328
2az5_cleaned_butanoic_acid_opt_1_uff_E=16.88,-3.1,12.305,11.641
2az5_cleaned_butanoic_acid_opt_1_uff_E=16.88,-3.1,6.454,5.973
2az5_cleaned_butanoic_acid_opt_1_uff_E=16.88,-3.1,10.713,10.021
2az5_cleaned_butanoic_acid_opt_1_uff_E=16.88,-3.0,12.648,11.983
2az5_cleaned_butanoic_acid_opt_2_uff_E=16.88,-4.5,0.0,0.0
2az5_cleaned_butanoic_acid_opt_2_uff_E=16.88,-4.4,2.537,1.973
2az5_cleaned_butanoic_acid_opt_2_uff_E=16.88,-4.0,12.026,11.435
2az5_cleaned_butanoic_acid_opt_2_uff_E=16.88,-3.7,11.389,10.337
2az5_cleaned_butanoic_acid_opt_2_uff_E=16.88,-3.7,11.011,10.009
2az5_cleaned_butanoic_acid_opt_2_uff_E=16.88,-3.7,16.189,15.599
2az5_cleaned_butanoic_acid_opt_2_uff_E=16.88,-3.3,18.505,18.146
2az5_cleaned_butanoic_acid_opt_2_uff_E=16.88,-3.3,9.723,9.062
2az5_cleaned_butanoic_acid_opt_2_uff_E=16.88,-3.3,6.622,5.457
2az5_cleaned_butanoic_acid_opt_3_uff_E=16.88,-4.5,0.0,0.0
2az5_cleaned_butanoic_acid_opt_3_uff_E=16.88,-4.2,3.702,3.01
2az5_cleaned_butanoic_acid_opt_3_uff_E=16.88,-4.2,2.545,2.092
2az5_cleaned_butanoic_acid_opt_3_uff_E=16.88,-3.9,11.998,10.822
2az5_cleaned_butanoic_acid_opt_3_uff_E=16.88,-3.8,11.657,10.682
2az5_cleaned_butanoic_acid_opt_3_uff_E=16.88,-3.7,11.353,10.318
2az5_cleaned_butanoic_acid_opt_3_uff_E=16.88,-3.7,16.199,15.529
2az5_cleaned_butanoic_acid_opt_3_uff_E=16.88,-3.6,3.849,2.936
2az5_cleaned_butanoic_acid_opt_3_uff_E=16.88,-3.3,19.182,18.453
2az5_cleaned_butanoic_acid_opt_4_uff_E=16.88,-4.5,0.0,0.0
2az5_cleaned_butanoic_acid_opt_4_uff_E=16.88,-4.3,2.625,2.142
2az5_cleaned_butanoic_acid_opt_4_uff_E=16.88,-4.3,11.554,10.49
2az5_cleaned_butanoic_acid_opt_4_uff_E=16.88,-4.1,12.126,11.555
2az5_cleaned_butanoic_acid_opt_4_uff_E=16.88,-3.9,3.66,2.91
2az5_cleaned_butanoic_acid_opt_4_uff_E=16.88,-3.8,4.22,3.431
2az5_cleaned_butanoic_acid_opt_4_uff_E=16.88,-3.7,16.231,15.607
2az5_cleaned_butanoic_acid_opt_4_uff_E=16.88,-3.5,19.044,18.243
2az5_cleaned_butanoic_acid_opt_4_uff_E=16.88,-3.3,18.446,18.1
2az5_cleaned_p-hydroxylbenzoic_acid_opt_1_uff_E=116.74,-6.3,0.0,0.0
2az5_cleaned_p-hydroxylbenzoic_acid_opt_1_uff_E=116.74,-5.3,1.834,1.147
2az5_cleaned_p-hydroxylbenzoic_acid_opt_1_uff_E=116.74,-5.1,5.634,1.714
2az5_cleaned_p-hydroxylbenzoic_acid_opt_1_uff_E=116.74,-5.0,5.521,1.667
2az5_cleaned_p-hydroxylbenzoic_acid_opt_1_uff_E=116.74,-4.9,12.252,10.64
2az5_cleaned_p-hydroxylbenzoic_acid_opt_1_uff_E=116.74,-4.9,12.717,10.892
2az5_cleaned_p-hydroxylbenzoic_acid_opt_1_uff_E=116.74,-4.8,10.106,9.293
2az5_cleaned_p-hydroxylbenzoic_acid_opt_1_uff_E=116.74,-4.8,6.774,5.04
2az5_cleaned_p-hydroxylbenzoic_acid_opt_1_uff_E=116.74,-4.7,17.268,13.926
2az5_cleaned_p-hydroxylbenzoic_acid_opt_2_uff_E=116.74,-4.9,0.0,0.0
2az5_cleaned_p-hydroxylbenzoic_acid_opt_2_uff_E=116.74,-4.9,15.745,13.188
2az5_cleaned_p-hydroxylbenzoic_acid_opt_2_uff_E=116.74,-4.9,15.936,13.606
2az5_cleaned_p-hydroxylbenzoic_acid_opt_2_uff_E=116.74,-4.7,20.576,19.399
2az5_cleaned_p-hydroxylbenzoic_acid_opt_2_uff_E=116.74,-4.5,32.022,30.572
2az5_cleaned_p-hydroxylbenzoic_acid_opt_2_uff_E=116.74,-4.4,5.184,1.474
2az5_cleaned_p-hydroxylbenzoic_acid_opt_2_uff_E=116.74,-4.3,12.147,10.2
2az5_cleaned_p-hydroxylbenzoic_acid_opt_2_uff_E=116.74,-4.1,15.007,13.347
2az5_cleaned_p-hydroxylbenzoic_acid_opt_2_uff_E=116.74,-4.1,10.876,9.418
2az5_cleaned_p-hydroxylbenzoic_acid_opt_3_uff_E=116.74,-5.0,0.0,0.0
2az5_cleaned_p-hydroxylbenzoic_acid_opt_3_uff_E=116.74,-4.9,15.805,13.255
2az5_cleaned_p-hydroxylbenzoic_acid_opt_3_uff_E=116.74,-4.9,1.423,0.468
2az5_cleaned_p-hydroxylbenzoic_acid_opt_3_uff_E=116.74,-4.8,10.669,8.804
2az5_cleaned_p-hydroxylbenzoic_acid_opt_3_uff_E=116.74,-4.7,20.554,19.42
2az5_cleaned_p-hydroxylbenzoic_acid_opt_3_uff_E=116.74,-4.6,11.068,9.339
2az5_cleaned_p-hydroxylbenzoic_acid_opt_3_uff_E=116.74,-4.6,15.467,13.419
2az5_cleaned_p-hydroxylbenzoic_acid_opt_3_uff_E=116.74,-4.5,32.001,30.497
2az5_cleaned_p-hydroxylbenzoic_acid_opt_3_uff_E=116.74,-4.4,16.816,14.81
2az5_cleaned_p-hydroxylbenzoic_acid_opt_4_uff_E=116.74,-4.9,0.0,0.0
2az5_cleaned_p-hydroxylbenzoic_acid_opt_4_uff_E=116.74,-4.9,15.982,13.578
2az5_cleaned_p-hydroxylbenzoic_acid_opt_4_uff_E=116.74,-4.6,18.207,16.358
2az5_cleaned_p-hydroxylbenzoic_acid_opt_4_uff_E=116.74,-4.5,18.466,17.265
2az5_cleaned_p-hydroxylbenzoic_acid_opt_4_uff_E=116.74,-4.5,5.971,2.877
2az5_cleaned_p-hydroxylbenzoic_acid_opt_4_uff_E=116.74,-4.5,17.335,15.749
2az5_cleaned_p-hydroxylbenzoic_acid_opt_4_uff_E=116.74,-4.4,36.387,34.936
2az5_cleaned_p-hydroxylbenzoic_acid_opt_4_uff_E=116.74,-4.4,2.755,1.67
2az5_cleaned_p-hydroxylbenzoic_acid_opt_4_uff_E=116.74,-4.3,14.52,11.272
